Material,MP_ID,ICSD_ID,Calculated and experimental band gaps. All numbers in eV.,,,,,,,,,,,,,,,,"DOI for the experimental references (missing entries refer to values as provided by 10.1007/978-3-642-18865-7, Semiconductors: Data Handbook, Otfried Madelung, Springer-Verlag Berlin Heidelberg, 2004)",,,,,,,,,
,,,LDA,LDA + SOC,PBE,PBE + SOC,PBE_SOL,HLE16,HLE16 + SOC,BJ,MBJ,SCAN,HSE06,HSE14,HSE06_mix,PBE0,PBE0_mix,Experimental,,,,,,,,,,
Ag2CrO4,mp-557056,16298,1.34,1.32,1.41,1.39,1.38,1.86,1.86,1.57,1.76,1.56,2.55,3.06,3.89,2.83,3.97,1.75,10.1021/jp077127w,,,,,,,,,
Ag2GeS3,mp-9900,41711,0.04,0.05,0.13,0.12,0.04,0.96,0.96,0.51,1.07,0.32,1.08,1.39,1.48,1.73,1.80,1.98,10.1016/j.saa.2012.03.044,,,,,,,,,
Ag2MoO4,mp-19318,238013,2.10,2.02,2.25,2.17,2.13,4.20,4.15,2.94,3.91,2.63,3.93,4.66,5.38,4.64,6.09,3.40,10.1039/C5TA05248C,,,,,,,,,
Ag2O,mp-353,247821,0.01,0.13,0.03,0.12,0.00,0.74,0.62,0.30,0.47,0.26,1.20,1.54,1.98,1.88,2.52,1.30,10.1103/PhysRevB.41.3190,,,,,,,,,
Ag2PdO2,mp-5495,51498,0.00,0.00,0.04,0.04,0.00,0.72,0.75,0.48,0.96,0.31,1.22,1.64,2.08,1.89,2.63,0.18,10.1016/S1293-2558(00)01128-6,,,,,,,,,
Ag2S,mp-610517,44507,0.64,0.62,0.70,0.68,0.67,1.13,1.15,0.82,1.04,0.88,1.34,1.49,1.57,1.78,1.65,0.85,,,,,,,,,,
Ag2Se,mp-568936,260148,0.01,0.00,0.00,0.01,0.01,0.03,0.08,0.03,0.05,0.01,0.01,0.02,0.02,0.02,0.02,0.15,,,,,,,,,,
Ag3AsS3,mp-4431,61806,0.92,0.92,1.04,1.02,0.95,1.97,1.96,1.27,1.57,1.26,1.84,2.00,2.07,2.50,2.32,2.13,10.1088/0953-8984/1/9/011,,,,,,,,,
Ag3SbS3,mp-4515,64986,0.79,0.79,0.91,0.90,0.82,1.91,1.87,1.19,1.49,1.14,1.68,1.84,1.88,2.33,2.11,1.93,,,,,,,,,,
Ag5IO6,mp-554648,415893,0.00,0.00,0.00,0.00,0.00,0.72,0.72,0.22,0.72,0.13,1.03,1.67,2.05,1.66,2.57,1.40,10.1002/zaac.200500476,,,,,,,,,
AgAlO2,mp-11794,99688,0.78,0.73,0.89,0.84,0.79,2.90,2.90,1.58,2.27,1.24,2.42,3.18,3.59,2.89,3.66,2.95,10.1063/1.4718342,,,,,,,,,
AgAlS2,mp-5782,604692,1.91,1.90,2.12,2.11,2.00,3.64,3.64,2.60,3.19,2.59,3.33,3.68,3.68,3.89,3.76,3.13,10.1088/0022-3727/4/8/319,,,,,,,,,
AgAlSe2,mp-14091,604704,0.82,0.79,1.05,1.02,0.94,2.19,2.15,1.48,2.07,1.46,2.07,2.40,2.29,2.46,2.33,2.55,10.1088/0022-3727/4/8/319,,,,,,,,,
AgAlTe2,mp-14092,28746,0.99,0.83,1.17,1.01,1.08,1.84,1.64,1.50,1.96,1.47,2.04,2.26,2.18,2.64,2.21,2.35,10.1103/PhysRevB.9.5203,,,,,,,,,
AgBiP2S6,mp-556434,170639,1.02,0.84,1.14,0.94,1.07,1.66,1.21,1.28,1.59,1.27,1.95,2.10,2.15,2.53,2.25,1.70,10.1021/ic050357%2B,,,,,,,,,
AgBiP2Se6,mp-569126,195334,1.22,1.01,1.37,1.13,1.30,1.80,1.33,1.59,1.97,1.61,2.08,2.21,2.21,2.41,2.12,1.40,10.1021/ic050357%2B,,,,,,,,,
AgBr,mp-23231,65061,0.40,0.31,0.70,0.62,0.53,3.06,2.93,1.46,2.42,1.16,2.05,2.69,2.61,2.66,2.86,2.71,,,,,,,,,,
AgCl,mp-22922,64734,0.63,0.60,0.93,0.89,0.75,3.60,3.58,1.76,2.83,1.39,2.43,3.12,3.27,3.06,3.67,3.25,,,,,,,,,,
AgF,mp-7592,18008,0.00,0.00,0.00,0.00,0.00,2.81,2.76,0.69,2.15,0.00,1.34,2.41,3.41,2.05,4.09,2.80,10.1039/B211678B,,,,,,,,,
AgGaS2,mp-5342,605187,1.02,1.01,1.24,1.23,1.13,2.59,2.58,1.76,2.50,1.64,2.42,2.83,2.89,2.95,3.10,2.71,10.1103/PhysRevB.4.4455,,,,,,,,,
AgGaSe2,mp-5518,52570,0.32,0.28,0.57,0.52,0.46,1.69,1.63,1.01,1.75,0.89,1.61,2.02,1.96,2.05,2.13,1.81,,,,,,,,,,
AgGaTe2,mp-4899,71007,0.14,0.04,0.32,0.14,0.24,0.96,0.74,0.60,1.15,0.46,1.16,1.44,1.38,1.74,1.52,1.32,10.1007/s10853-005-6103-5,,,,,,,,,
AgI,mp-22894,56553,1.26,1.01,1.49,1.29,1.37,3.42,3.17,1.95,2.60,1.76,2.60,2.95,2.99,3.14,3.19,3.02,,,,,,,,,,
AgI,mp-22925,56552,1.08,0.85,1.36,1.13,1.22,3.41,3.09,1.95,2.72,1.66,2.50,2.87,2.89,3.13,3.19,2.91,,,,,,,,,,
AgInO2,mp-22660,202429,0.32,0.32,0.40,0.39,0.32,1.55,1.54,0.79,1.23,0.70,1.69,2.21,2.74,2.36,3.38,1.90,10.1021/jp806513t,,,,,,,,,
AgInS2,mp-19833,51617,0.30,0.29,0.53,0.51,0.41,1.89,1.89,0.99,1.68,0.84,1.59,1.94,2.01,2.18,2.28,2.04,10.1016/S0022-0248(02)01729-3,,,,,,,,,
AgInSe2,mp-20554,52583,0.15,0.14,0.09,0.05,0.02,1.26,1.20,0.48,1.16,0.36,1.04,1.38,1.35,1.51,1.57,1.24,10.1103/PhysRevB.7.4485,,,,,,,,,
AgInTe2,mp-22386,236191,0.10,0.07,0.29,0.10,0.20,1.05,0.82,0.55,1.11,0.46,1.12,1.36,1.32,1.67,1.45,0.96,,,,,,,,,,
AgScP2Se6,mp-13383,195336,1.49,1.45,1.56,1.53,1.52,1.83,1.83,1.71,1.95,1.85,2.50,2.70,2.70,3.01,2.66,1.55,10.1002/zaac.200900004,,,,,,,,,
Al2O3,mp-1143,31545,6.14,6.14,6.19,6.18,6.10,6.96,6.95,6.90,7.86,7.03,8.05,8.99,9.42,8.66,9.97,8.80,10.1111/j.1151-2916.1990.tb06541.x,,,,,,,,,
AlAs,mp-2172,656315,1.33,1.23,1.43,1.34,1.32,2.35,2.24,1.82,2.15,1.73,2.07,2.08,2.09,2.71,2.11,2.23,,,,,,,,,,
AlN,mp-661,602460,4.16,4.16,4.14,4.14,4.06,4.78,4.78,4.76,5.30,4.79,5.50,5.96,6.00,6.17,6.18,6.11,10.1063/1.1633965,,,,,,,,,
AlP,mp-1550,52649,1.44,1.42,1.58,1.56,1.44,2.84,2.82,1.91,2.32,1.90,2.28,2.32,2.32,2.95,2.29,2.45,,,,,,,,,,
AlPO4,mp-3955,50100,5.70,5.70,5.95,5.95,5.84,7.58,7.59,6.79,8.26,6.51,7.80,8.65,9.70,8.35,10.35,7.89,10.1111/jace.12757,,,,,,,,,
AlSb,mp-2624,609288,1.13,0.92,1.21,1.00,1.11,1.59,1.36,1.57,1.80,1.37,1.70,1.65,1.70,2.33,1.75,1.69,,,,,,,,,,
Ar,mp-23155,24788,8.18,8.11,8.71,8.60,8.62,11.75,11.68,9.64,12.55,9.50,10.34,10.95,12.00,10.69,12.96,14.15,10.1016/0030-4018(86)90186-0,,,,,,,,,
As2S3,mp-641,15239,1.76,1.76,1.91,1.89,1.83,2.37,2.37,2.02,2.43,2.14,2.79,2.89,2.98,3.40,3.04,2.60,,,,,,,,,,
As2Se3,mp-909,44058,1.10,1.09,1.21,1.19,1.15,1.69,1.69,1.37,1.67,1.47,1.95,2.02,2.05,2.46,2.01,2.15,,,,,,,,,,
As2Te3,mp-484,196146,0.40,0.20,0.42,0.24,0.39,0.62,0.29,0.53,0.57,0.48,0.75,0.72,0.76,1.27,0.80,0.90,,,,,,,,,,
AsI3,mp-23218,56571,2.03,1.85,2.10,1.93,2.06,2.42,2.19,2.26,2.41,2.28,2.80,2.82,2.95,3.31,3.04,2.47,,,,,,,,,,
B,mp-160,431643,0.98,0.98,1.01,1.01,0.93,1.14,1.10,1.14,1.23,1.09,1.50,1.39,1.41,2.18,1.01,2.00,10.1002/pssa.2210860164,,,,,,,,,
B12P2,mp-28395,62748,2.37,2.37,2.42,2.42,2.34,2.70,2.70,2.51,2.64,2.62,3.15,3.13,3.11,3.85,2.80,3.35,10.1016/0022-3697(83)90151-8,,,,,,,,,
Ba2BiInS5,mp-864638,261678,1.11,1.07,1.30,1.25,1.21,2.03,1.76,1.49,2.05,1.53,2.12,2.24,2.30,2.77,2.48,1.55,10.1021/ic2004358,,,,,,,,,
Ba2Cu2ThSe5,mp-1078405,195762,0.60,0.56,0.68,0.64,0.60,0.93,0.67,0.98,1.07,0.87,1.39,1.40,1.49,1.90,1.46,1.75,10.1021/acs.inorgchem.6b01202,,,,,,,,,
Ba2InTaO6,mp-1079630,261480,4.02,3.90,4.13,4.00,4.06,3.92,3.76,4.49,5.29,4.53,5.64,6.22,6.63,6.24,6.50,4.17,10.1002/ejic.201500929,,,,,,,,,
Ba3MgTa2O9,mp-6325,240279,3.23,3.14,3.35,3.26,3.27,3.33,3.22,3.73,4.58,3.76,4.79,5.34,5.74,7.96,6.09,4.28,10.1016/j.jssc.2007.08.003,,,,,,,,,
Ba3ThSe7,mp-1095255,429804,0.79,0.76,0.91,0.86,0.85,1.31,1.27,1.08,1.40,1.19,1.76,1.83,1.90,2.24,1.85,1.96,10.1016/j.jssc.2015.08.012,,,,,,,,,
BaAg2GeS4,mp-7394,10040,0.40,0.40,0.61,0.61,0.50,2.02,2.02,1.04,1.71,0.95,1.70,2.06,2.03,2.35,2.21,2.02,10.1039/c7dt04178k,,,,,,,,,
BaAg2SnS4,mp-555166,41898,0.22,0.21,0.41,0.40,0.31,1.62,1.59,0.78,1.31,0.71,1.39,1.70,1.69,2.01,1.87,1.77,10.1039/c7dt04178k,,,,,,,,,
BaBiBS4,mp-861618,248222,1.87,1.68,2.01,1.81,1.93,2.36,1.96,2.07,2.51,2.13,2.76,2.84,2.95,3.28,3.04,2.34,10.1021/ic100535q,,,,,,,,,
BaBiO2Cl,mp-552806,79532,3.17,2.99,3.31,3.12,3.21,4.23,3.72,3.67,4.17,3.56,4.41,4.68,4.96,5.05,5.39,3.71,10.1016/j.materresbull.2014.11.032,,,,,,,,,
BaCl2,mp-23199,262674,4.76,4.70,5.03,4.97,4.88,6.49,6.43,5.37,6.33,5.54,6.33,6.64,6.89,7.07,6.80,7.00,10.1103/PhysRevB.9.2679,,,,,,,,,
BaCu2GeS4,mp-17947,10006,1.15,1.14,1.27,1.24,1.21,2.12,2.15,1.73,1.92,1.53,2.62,3.22,3.07,3.27,3.18,2.47,10.1039/c7ra05022d,,,,,,,,,
BaCu2S2,mp-5970,89573,0.80,0.80,0.91,0.90,0.84,2.16,2.15,1.43,1.50,1.26,2.11,2.35,2.34,2.77,2.46,2.10,10.1021/acs.chemmater.7b02475,,,,,,,,,
BaCu2SnSe4,mp-12364,170857,0.50,0.48,0.61,0.61,0.56,1.27,1.27,0.92,0.99,0.78,1.71,2.16,1.99,2.28,1.87,1.72,10.1039/c7ra05022d,,,,,,,,,
BaCuTeF,mp-13287,245624,0.94,0.76,1.02,0.85,0.97,2.25,2.02,1.49,1.70,1.20,1.98,2.27,2.25,2.61,2.47,2.30,10.1016/j.jssc.2007.03.021,,,,,,,,,
BaF2,mp-1029,64717,6.39,6.37,6.79,6.77,6.65,9.03,9.03,7.95,9.48,7.24,8.73,9.78,10.80,9.16,11.07,9.10,10.1201/9781420050196,,,,,,,,,
BaGe2,mp-2139,409260,0.48,0.48,0.53,0.53,0.50,0.88,0.88,0.61,0.71,0.67,0.93,0.85,0.95,1.50,1.03,0.97,10.1002/pssc.201300375,,,,,,,,,
BaHgS2,mp-28007,251739,1.15,1.13,1.27,1.25,1.21,1.80,1.79,1.41,1.85,1.42,2.07,2.22,2.30,2.57,2.41,1.93,10.1021/ic502939g,,,,,,,,,
BaO,mp-1342,616005,1.83,1.76,1.96,1.90,1.86,3.49,3.43,2.59,3.36,2.27,3.24,3.63,3.89,3.76,4.29,4.80,10.1103/PhysRevB.81.245123,,,,,,,,,
BaS,mp-1500,52690,1.90,1.85,2.10,2.05,1.98,3.46,3.41,2.41,3.12,2.45,3.03,3.12,3.22,3.56,3.31,3.81,10.1016/0022-0248(90)90701-L,,,,,,,,,
BaSbBS4,mp-866301,248221,2.29,2.27,2.42,2.39,2.34,2.79,2.71,2.55,2.91,2.63,3.25,3.34,3.45,3.77,3.49,2.70,10.1021/ic100535q,,,,,,,,,
BaSe,mp-1253,52696,1.72,1.58,1.88,1.73,1.77,3.19,3.04,2.26,2.74,2.24,2.71,2.77,2.82,3.35,2.89,3.42,10.1016/0022-0248(90)90701-L,,,,,,,,,
BaSi2,mp-1477,185375,0.67,0.67,0.74,0.74,0.69,1.20,1.20,0.80,0.93,0.97,1.19,1.12,1.15,1.77,0.98,1.15,10.1063/1.1498865,,,,,,,,,
BaSnO3,mp-3163,239582,0.84,0.83,1.01,1.00,0.91,1.03,1.02,1.55,2.77,1.60,2.70,3.62,3.83,3.36,4.21,3.70,10.1016/j.cap.2016.12.013,,,,,,,,,
BaTe,mp-1000,616165,1.40,1.11,1.52,1.24,1.43,2.76,2.45,1.88,2.20,1.85,2.19,2.17,2.22,2.81,2.26,3.40,10.1103/PhysRev.163.219,,,,,,,,,
BaTeMo2O9,mp-19049,281503,2.85,2.83,2.85,2.83,2.84,2.51,2.50,3.01,3.37,3.16,4.07,4.39,5.09,4.65,5.73,2.95,10.1021/cm2015143,,,,,,,,,
BaZn2As2,mp-570198,417000,0.00,0.00,0.00,0.00,0.00,0.59,0.52,0.00,0.28,0.00,0.21,0.27,0.25,0.81,0.28,0.23,10.1021/ja507890u,,,,,,,,,
BaZnOS,mp-548469,171239,2.11,2.10,2.28,2.27,2.15,3.62,3.62,2.65,3.30,2.63,3.37,3.58,3.75,4.00,4.01,3.90,10.1021/ic051240o,,,,,,,,,
BeO,mp-2542,391224,7.29,7.29,7.35,7.35,7.21,8.61,8.61,8.23,9.17,8.16,9.23,10.16,11.08,9.96,11.88,10.59,,,,,,,,,,
BeSe,mp-1541,616419,2.47,2.32,2.63,2.48,2.48,4.12,3.96,3.07,3.53,3.08,3.47,3.59,3.60,4.15,3.75,5.50,10.1103/PhysRevB.59.10071,,,,,,,,,
BeTe,mp-252,616439,1.86,1.56,1.96,1.67,1.85,3.22,2.93,2.37,2.64,2.23,2.61,2.60,2.64,3.26,2.74,2.80,,,,,,,,,,
Bi2O2CO3,mp-30200,252588,0.00,0.00,0.00,0.00,0.00,0.00,0.00,0.00,0.59,0.00,0.39,1.08,1.51,1.08,2.08,3.42,10.1016/j.solidstatesciences.2014.01.010,,,,,,,,,
Bi2O3,mp-23262,94229,2.29,2.19,2.38,2.28,2.31,3.09,2.79,2.78,3.23,2.59,3.39,3.69,4.05,3.83,4.62,2.50,10.1016/0301-0104(77)85033-7,,,,,,,,,
Bi2O3,mp-23195,189995,1.51,1.43,1.57,1.48,1.51,2.29,2.10,1.99,2.34,1.81,2.56,2.87,3.19,3.09,3.65,2.28,10.1016/S1872-2067(15)60974-3,,,,,,,,,
Bi2S3,mp-22856,153946,1.27,0.98,1.41,1.09,1.33,1.86,1.24,1.55,1.96,1.50,2.05,2.11,2.19,2.56,2.28,1.45,,,,,,,,,,
Bi2Se3,mp-541837,165226,0.08,0.32,0.20,0.28,0.13,0.85,0.03,0.36,0.68,0.25,0.65,0.70,0.72,1.17,0.85,0.22,10.1038/s41598-017-07211-x,,,,,,,,,
Bi2Te3,mp-34202,193330,0.18,0.26,0.26,0.27,0.21,0.67,0.17,0.37,0.54,0.19,0.62,0.62,0.64,1.11,0.70,0.15,10.1103/PhysRevB.46.1553,,,,,,,,,
BiCuOSe,mp-23116,189174,0.18,0.01,0.31,0.10,0.23,0.84,0.51,0.58,0.79,0.47,1.23,1.52,1.50,1.82,1.65,0.82,10.1016/j.jssc.2011.11.013,,,,,,,,,
BiF3,mp-557466,25567,3.59,2.98,3.73,3.09,3.63,3.89,2.77,4.36,5.19,4.06,5.39,6.29,7.03,6.11,7.79,3.94,10.1016/j.molcata.2015.02.022,,,,,,,,,
BiI3,mp-22849,53634,2.27,1.36,2.40,1.47,2.33,2.72,1.36,2.58,2.88,2.53,3.11,3.15,3.26,3.64,3.39,1.67,10.1063/1.4813486,,,,,,,,,
BiNSr3,mp-570008,152053,0.19,0.06,0.21,0.02,0.19,0.93,0.58,0.60,0.86,0.41,0.87,0.94,0.89,1.46,0.87,0.89,10.1002/zaac.200400256,,,,,,,,,
BiOBr,mp-23072,61225,2.05,1.83,2.20,1.97,2.10,2.86,2.41,2.57,3.11,2.45,3.14,3.38,3.50,3.75,3.80,2.92,,,,,,,,,,
BiOCl,mp-22939,195115,2.46,2.27,2.62,2.42,2.50,3.41,2.98,3.00,3.60,2.89,3.64,3.92,4.13,4.26,4.51,3.46,,,,,,,,,,
BiOI,mp-22987,391354,1.48,1.18,1.62,1.32,1.53,1.98,1.53,1.86,2.43,1.84,2.40,2.52,2.60,3.03,2.82,1.89,,,,,,,,,,
BiSBr,mp-23324,31389,1.81,1.43,1.97,1.55,1.88,2.42,1.56,2.09,2.58,2.08,2.71,2.78,2.89,3.11,2.92,1.95,,,,,,,,,,
BiSCl,mp-23318,100173,1.69,1.26,1.85,1.38,1.76,2.46,1.59,1.97,2.51,1.95,2.60,2.65,2.85,3.24,3.19,1.89,,,,,,,,,,
BiSeBr,mp-569707,76649,0.97,0.63,1.06,0.71,1.01,1.47,0.87,1.20,1.51,1.15,1.69,1.68,1.82,2.29,2.04,1.50,,,,,,,,,,
BiSeI,mp-23020,280311,1.42,0.93,1.55,1.04,1.48,1.86,0.93,1.69,2.03,1.65,2.21,2.28,2.30,2.75,2.32,1.30,,,,,,,,,,
BiSI,mp-23514,23631,1.63,1.12,1.78,1.23,1.70,2.12,1.18,1.90,2.30,1.90,2.50,2.59,2.62,3.01,2.62,1.56,,,,,,,,,,
BN,mp-1639,77271,4.33,4.32,4.45,4.44,4.27,5.33,5.32,5.00,5.77,4.93,5.79,6.19,6.30,6.56,6.58,6.36,10.1088/0953-8984/20/7/075233,,,,,,,,,
BN,mp-984,241875,4.08,4.08,4.29,4.29,4.18,5.30,5.31,4.90,5.96,4.78,5.62,6.04,6.39,6.30,6.72,5.96,10.1088/0953-8984/20/7/075233,,,,,,,,,
BP,mp-1479,602964,1.22,1.21,1.27,1.26,1.17,1.89,1.87,1.57,1.91,1.58,2.02,2.05,2.03,2.69,1.89,2.10,,,,,,,,,,
C,mp-66,190650,4.12,4.12,4.15,4.15,4.03,4.53,4.51,4.47,4.96,4.57,5.34,5.59,5.67,6.10,5.83,5.50,,,,,,,,,,
Ca2Pb,mp-30478,58920,0.13,0.07,0.13,0.08,0.12,0.27,0.15,0.38,0.43,0.10,0.44,0.37,0.39,0.98,0.28,0.46,,,,,,,,,,
Ca2Si,mp-2517,158275,0.28,0.28,0.35,0.35,0.30,0.67,0.67,0.50,0.65,0.56,0.77,0.71,0.71,1.33,0.48,1.90,,,,,,,,,,
Ca2Sn,mp-22735,659611,0.12,0.10,0.14,0.12,0.12,0.35,0.33,0.37,0.43,0.29,0.48,0.41,0.42,1.04,0.31,0.90,,,,,,,,,,
Ca2SnS4,mp-866503,429695,2.25,2.23,2.48,2.46,2.38,2.97,2.95,2.63,3.36,2.84,3.56,3.80,3.93,4.00,3.94,2.32,10.1016/j.jcrysgro.2015.10.032,,,,,,,,,
CaB6,mp-865,196516,0.05,0.05,0.02,0.02,0.04,0.35,0.53,0.01,0.26,0.11,0.54,0.49,0.55,1.20,0.52,1.15,10.1103/PhysRevLett.89.157601,,,,,,,,,
CaCl2,mp-23214,246416,5.14,5.14,5.43,5.41,5.32,6.09,6.07,5.57,6.72,5.99,6.97,7.34,7.77,7.39,8.38,6.90,10.1103/PhysRevB.9.2679,,,,,,,,,
CaCO3,mp-3953,52151,4.94,4.94,5.15,5.13,5.07,5.54,5.52,5.82,7.14,5.77,7.14,8.10,9.29,7.73,9.97,6.00,10.1016/0169-4332(93)90365-I,,,,,,,,,
CaF2,mp-2741,82707,6.90,6.89,7.28,7.28,7.10,9.16,9.19,8.45,10.45,7.83,9.34,10.53,12.40,9.90,13.18,12.10,10.1103/PhysRevB.5.662,,,,,,,,,
CaH2,mp-23713,260873,2.72,2.72,3.00,3.00,2.81,3.55,3.58,3.35,4.25,3.46,4.04,4.23,4.28,4.71,4.39,4.40,10.1021/jacs.7b05746,,,,,,,,,
CaMg2N2,mp-5795,79123,2.09,2.09,2.09,2.09,2.04,2.71,2.71,2.83,3.37,2.62,3.14,3.44,3.56,3.73,3.84,3.25,10.1515/znb-2003-0124,,,,,,,,,
CaO,mp-2605,261847,3.46,3.45,3.63,3.62,3.53,4.58,4.57,4.15,5.38,4.16,5.31,6.09,6.72,6.01,7.39,6.88,10.1016/0022-0248(90)90701-L,,,,,,,,,
CaS,mp-1672,603165,2.15,2.12,2.36,2.33,2.24,3.36,3.32,2.52,3.34,2.81,3.42,3.66,3.71,4.11,3.91,4.43,10.1016/0022-0248(90)90701-L,,,,,,,,,
CaSe,mp-1415,52788,1.88,1.75,2.04,1.90,1.94,2.98,2.84,2.28,2.86,2.52,2.99,3.18,3.17,3.66,3.27,3.85,10.1016/0022-0248(90)90701-L,,,,,,,,,
CaSnO3,mp-4438,193658,2.63,2.64,2.74,2.74,2.67,2.97,2.97,3.20,4.17,3.27,4.29,5.11,5.79,5.01,5.74,4.40,10.1021/ic034551c,,,,,,,,,
CaZnOS,mp-7204,245309,2.55,2.53,2.78,2.75,2.64,4.34,4.31,3.32,4.35,3.28,4.00,4.41,4.62,4.64,5.07,3.70,10.1021/ic062120z,,,,,,,,,
CdAl2S4,mp-5928,83526,2.67,2.67,2.92,2.90,2.79,3.86,3.87,3.23,4.00,3.40,4.09,4.36,4.43,4.59,4.45,3.58,10.1063/1.118188,,,,,,,,,
CdAs2,mp-471,609931,0.20,0.19,0.33,0.32,0.27,0.80,0.75,0.43,0.89,0.53,0.99,1.11,1.10,1.55,1.17,1.00,,,,,,,,,,
CdGa2S4,mp-4452,31354,1.85,1.82,2.08,2.04,1.97,2.90,2.88,2.39,3.15,2.47,3.15,3.45,3.55,3.66,3.71,3.31,10.1016/0022-3697(93)90124-A,,,,,,,,,
CdGa2Se4,mp-3772,30908,1.30,1.16,1.54,1.40,1.43,2.41,2.27,1.83,2.54,1.90,2.47,2.76,2.74,3.05,2.92,2.16,10.1002/pssa.200406870,,,,,,,,,
CdGa2Te4,mp-13949,25646,1.17,0.88,1.35,1.07,1.27,1.95,1.63,1.58,2.10,1.59,2.17,2.24,2.32,2.76,2.44,1.45,10.1063/1.1845582,,,,,,,,,
CdGeAs2,mp-4953,42098,0.24,0.18,0.15,0.18,0.21,0.15,0.09,0.00,0.67,0.02,0.61,0.87,0.81,1.18,0.95,0.67,,,,,,,,,,
CdGeP2,mp-3668,100467,0.75,0.75,0.95,0.94,0.88,1.35,1.34,1.15,1.80,1.20,1.84,2.03,2.07,2.45,2.21,1.73,,,,,,,,,,
CdI2,mp-567259,43852,2.17,1.87,2.37,2.08,2.29,3.28,2.96,2.68,3.28,2.72,3.33,3.55,3.56,3.83,3.59,3.47,,,,,,,,,,
CdIn2S4,mp-559200,252372,0.93,0.93,1.20,1.20,1.08,1.93,1.95,1.47,2.44,1.66,2.25,2.58,2.61,2.88,2.82,2.44,10.1143/JJAP.19.103,,,,,,,,,
CdIn2Se4,mp-568032,151953,0.79,0.67,1.01,0.89,0.91,1.84,1.71,1.25,1.88,1.33,1.87,2.09,2.11,2.43,2.26,1.55,,,,,,,,,,
CdIn2Se4,mp-22304,151954,0.75,0.62,0.98,0.85,0.87,1.89,1.75,1.25,1.88,1.31,1.83,2.05,2.05,2.42,2.25,1.46,10.1088/0953-8984/2/28/003,,,,,,,,,
CdP4,mp-7904,25605,0.23,0.23,0.33,0.32,0.25,1.09,1.10,0.45,0.69,0.52,0.92,0.91,1.00,1.53,1.13,1.15,,,,,,,,,,
CdS,mp-672,154186,0.96,0.94,1.24,1.22,1.10,2.74,2.72,1.65,2.63,1.59,2.29,2.59,2.73,2.91,3.08,2.48,,,,,,,,,,
CdSb,mp-1321,52830,0.12,0.10,0.21,0.19,0.17,0.57,0.54,0.31,0.59,0.22,0.71,0.77,0.76,1.27,0.86,0.46,,,,,,,,,,
CdSb2Se3Br2,mp-567556,159464,0.98,0.93,1.08,1.03,1.01,1.52,1.45,1.27,1.52,1.24,1.69,1.75,1.83,2.29,2.05,1.40,10.1021/cm701995d,,,,,,,,,
CdSe,mp-2691,187310,0.46,0.34,0.75,0.63,0.62,2.11,1.97,1.12,2.00,1.07,1.72,2.04,2.05,2.32,2.34,1.74,,,,,,,,,,
CdSe,mp-1070,415785,0.48,0.36,0.77,0.65,0.64,2.08,1.94,1.13,2.02,1.10,1.74,2.05,2.06,2.32,2.33,1.73,,,,,,,,,,
CdSiAs2,mp-3078,22187,0.66,0.61,0.86,0.81,0.80,1.06,1.00,1.06,1.67,1.19,1.69,1.82,1.82,1.90,1.85,1.55,,,,,,,,,,
CdSiP2,mp-4666,23696,1.22,1.22,1.35,1.34,1.23,2.41,2.40,1.59,1.96,1.58,1.98,2.00,2.07,2.19,1.93,2.09,,,,,,,,,,
CdSnAs2,mp-3829,44258,0.11,0.08,0.11,0.07,0.11,0.14,0.06,0.10,0.51,0.10,0.43,0.66,0.60,0.96,0.73,0.26,,,,,,,,,,
CdSnO3,mp-754329,181930,1.03,1.03,1.17,1.17,1.07,2.14,2.17,1.85,2.93,1.61,2.71,3.51,4.09,3.41,4.81,3.10,10.1021/cm049249w,,,,,,,,,
CdSnP2,mp-5213,44257,0.37,0.36,0.58,0.57,0.49,1.12,1.11,0.77,1.40,0.83,1.39,1.57,1.59,1.96,1.72,1.23,,,,,,,,,,
CdTe,mp-406,161693,0.55,0.27,0.79,0.52,0.68,1.71,1.40,1.06,1.77,1.04,1.65,1.89,1.87,2.24,2.06,1.48,,,,,,,,,,
CrSi2,mp-1222,161434,0.39,0.38,0.45,0.42,0.42,0.30,0.33,0.60,0.63,0.74,1.50,1.88,1.16,2.11,0.07,0.35,10.1063/1.340078,,,,,,,,,
Cs2AgBiBr6,mp-1078250,291597,1.25,1.11,1.42,1.27,1.33,2.50,2.07,1.79,2.30,1.56,2.32,2.61,2.71,2.92,3.06,2.19,10.1021/acs.chemmater.5b04231,,,,,,,,,
Cs2AgBiCl6,mp-1078258,291598,1.74,1.53,1.94,1.71,1.83,3.19,2.52,2.26,2.91,2.18,3.01,3.36,3.61,3.64,4.08,2.77,10.1021/acs.chemmater.5b04231,,,,,,,,,
Cs2AgVS4,mp-8684,50460,1.32,1.32,1.39,1.38,1.36,1.31,1.31,1.43,1.72,1.61,2.41,2.59,2.83,3.03,3.12,1.77,10.1002/(SICI)1521-3749(199808)624:8<1285::AID-ZAAC1285>3.0.CO;2-5,,,,,,,,,
Cs2Au2Br6,mp-569548,170696,0.89,0.84,0.88,0.83,0.89,0.71,0.70,0.87,0.81,1.03,1.39,1.44,1.66,1.96,2.08,1.60,10.1103/PhysRevB.59.7925,,,,,,,,,
Cs2Au2Cl6,mp-23484,6061,1.09,1.00,1.08,0.98,1.09,0.78,0.73,1.03,0.90,1.23,1.71,1.83,2.17,2.31,2.69,2.04,10.1103/PhysRevB.59.7925,,,,,,,,,
Cs2Au2I6,mp-28453,59269,0.78,0.67,0.82,0.71,0.81,0.69,0.59,0.81,0.77,0.95,1.21,1.20,1.34,1.76,1.64,1.31,10.1103/PhysRevB.59.7925,,,,,,,,,
Cs2Cd3Te4,mp-567386,90369,1.54,1.30,1.76,1.53,1.65,2.73,2.51,2.06,2.65,2.08,2.55,2.70,2.70,2.85,2.64,2.48,10.1021/ic001346d,,,,,,,,,
Cs2Hg3I8,mp-540574,4074,1.71,1.42,1.89,1.61,1.81,2.57,2.24,2.12,2.63,2.05,2.81,3.01,3.11,3.34,3.40,2.56,10.1021/cg800054x,,,,,,,,,
Cs2SnBr6,mp-641923,158957,1.00,0.92,1.22,1.13,1.14,1.67,1.58,1.45,2.19,1.49,2.27,2.52,2.71,2.96,3.06,2.70,10.1021/acs.jpcc.6b02175,,,,,,,,,
Cs2SnCl6,mp-608555,9023,2.71,2.68,2.97,2.94,2.89,3.37,3.35,3.19,4.24,3.38,4.33,4.75,5.12,4.72,5.62,3.90,10.1021/acs.jpcc.6b02175,,,,,,,,,
Cs2TeBr6,mp-23405,65058,1.87,1.79,1.97,1.89,1.93,2.40,2.23,2.17,2.44,2.09,2.59,2.63,2.84,3.20,3.25,2.20,10.1134/S0020168511010109,,,,,,,,,
Cs2TeI6,mp-540957,38105,1.21,0.98,1.34,1.11,1.27,1.72,1.45,1.55,1.69,1.49,1.85,1.84,1.96,2.42,2.23,1.52,10.1134/S0020168511010109,,,,,,,,,
Cs2TiAg2S4,mp-10488,280645,1.47,1.46,1.56,1.56,1.51,1.84,1.83,1.66,1.93,1.76,2.39,2.53,2.69,3.04,3.02,2.44,10.1021/ic001346d,,,,,,,,,
Cs3Bi2Br9,mp-27544,1142,2.40,1.82,2.55,1.93,2.47,3.09,2.06,2.75,3.17,2.69,3.27,3.36,3.59,3.81,3.92,2.50,10.1134/S0020168511010109,,,,,,,,,
Cs3Bi2I9,mp-624214,23124,1.98,1.62,2.10,1.74,2.03,2.63,1.84,2.29,2.58,2.20,2.71,2.71,2.86,3.33,3.15,1.80,10.1134/S0020168511010109,,,,,,,,,
Cs3Sb,mp-10378,53243,0.61,0.50,0.84,0.73,0.74,1.64,1.51,1.15,1.63,1.20,1.41,1.41,1.44,1.89,1.44,1.60,,,,,,,,,,
Cs3Sb2Br9,mp-579560,39824,1.52,1.42,1.60,1.50,1.55,2.07,1.76,1.82,2.06,1.74,2.18,2.22,2.41,2.72,2.77,2.30,10.1134/S0020168511010109,,,,,,,,,
Cs3Sb2I9,mp-23029,84989,1.54,1.42,1.61,1.51,1.56,2.18,2.01,1.84,2.03,1.78,2.15,2.13,2.27,2.77,2.56,1.89,10.1134/S0020168511010109,,,,,,,,,
CsAu,mp-2667,58427,0.83,0.81,0.90,0.88,0.82,1.78,1.73,1.15,1.14,1.54,1.04,0.70,1.03,1.61,1.55,2.50,,,,,,,,,,
CsLaHgSe3,mp-11124,281441,1.37,1.26,1.57,1.46,1.47,1.28,1.05,1.84,2.39,1.75,2.41,2.59,2.61,2.81,2.64,2.46,10.1021/ic020733f,,,,,,,,,
CsPbBr3,mp-567629,97851,1.65,0.66,1.80,0.81,1.70,3.02,1.71,2.17,2.58,2.12,2.42,2.41,2.68,3.05,3.20,2.32,10.1021/acs.jpclett.5b00968,,,,,,,,,
CsSnBr3,mp-27214,4071,0.30,0.05,0.36,0.02,0.28,1.42,0.99,0.70,0.86,0.57,0.75,0.69,0.92,1.30,1.39,1.75,10.1039/c5ra22317b,,,,,,,,,
CsSnCl3,mp-27394,14199,2.73,2.67,2.85,2.80,2.76,3.93,3.79,3.08,3.39,3.19,3.62,3.61,4.02,4.18,4.51,2.80,10.1039/c5ra22317b,,,,,,,,,
CsSnI3,mp-568570,69996,0.48,0.18,0.51,0.22,0.45,1.23,0.85,0.84,0.86,0.60,0.84,0.74,0.93,1.41,1.30,1.31,10.1039/c5ra22317b,,,,,,,,,
CsYCdSe3,mp-11116,281433,1.98,1.87,2.22,2.11,2.10,2.97,2.84,2.54,3.02,2.66,3.16,3.28,3.37,3.73,3.48,2.48,10.1021/ic020733f,,,,,,,,,
CsYHgSe3,mp-11123,281440,1.33,1.24,1.53,1.44,1.43,2.38,2.26,1.78,2.33,1.76,2.43,2.65,2.64,3.01,2.76,2.54,10.1021/ic020733f,,,,,,,,,
CsYZnSe3,mp-574620,280847,1.97,1.87,2.16,2.06,2.06,2.91,2.80,2.45,2.92,2.60,3.08,3.21,3.30,3.67,3.43,2.29,10.1021/ic011200u,,,,,,,,,
Cu2CdGeS4,mp-13982,26150,0.52,0.52,0.66,0.64,0.59,1.67,1.66,1.10,1.34,0.89,1.91,2.47,2.43,2.57,2.64,2.05,10.1016/S0925-8388(01)01987-9,,,,,,,,,
Cu2CdGeSe4,mp-10967,95235,0.00,0.00,0.00,0.00,0.00,0.76,0.70,0.32,0.60,0.11,1.00,1.48,1.36,1.57,1.51,1.20,10.1016/S0022-0248(99)00468-6,,,,,,,,,
Cu2GeS3,mp-15252,85138,0.24,0.23,0.31,0.30,0.28,0.86,0.85,0.65,0.78,0.46,1.41,1.93,1.90,1.97,2.08,1.53,10.1002/pssc.201600199,,,,,,,,,
Cu2GeSe3,mp-4728,160386,0.00,0.00,0.00,0.00,0.00,0.00,0.00,0.00,0.00,0.00,0.00,0.00,0.00,0.00,0.00,0.82,10.1002/pssb.201700332,,,,,,,,,
Cu2GeSe3,mp-677105,192171,0.00,0.00,0.01,0.00,0.00,0.19,0.18,0.12,0.15,0.07,0.45,0.75,0.70,0.85,0.78,0.78,10.7567/JJAP.53.05FW06,,,,,,,,,
Cu2O,mp-361,172174,0.53,0.45,0.53,0.42,0.49,0.76,0.67,0.76,0.77,0.77,2.02,2.63,3.06,2.66,3.51,2.17,,,,,,,,,,
Cu2S,mp-618991,16550,0.05,0.03,0.11,0.08,0.06,1.07,1.04,0.55,0.75,0.38,1.25,1.76,1.71,1.87,1.87,1.04,10.1103/PhysRevB.96.054108,,,,,,,,,
Cu2S,mp-553942,20560,0.00,0.00,0.00,0.00,0.00,0.10,0.04,0.00,0.00,0.06,0.00,0.39,0.19,0.01,0.02,1.21,,,,,,,,,,
Cu2Se,mp-16366,56025,0.00,0.00,0.00,0.00,0.00,0.34,0.26,0.00,0.00,0.00,0.00,0.71,0.43,0.68,0.58,1.20,,,,,,,,,,
Cu2SnS3,mp-10519,91762,0.12,0.11,0.14,0.13,0.12,0.49,0.49,0.09,0.35,0.21,0.89,1.33,1.31,1.45,1.49,0.86,10.1002/pssc.201600199,,,,,,,,,
Cu2SnSe3,mp-11658,97966,0.09,0.10,0.09,0.09,0.09,0.10,0.10,0.08,0.08,0.09,0.34,0.76,0.64,0.83,0.72,0.84,10.1063/1.1383984,,,,,,,,,
Cu2Te,mp-1861,77055,0.00,0.00,0.00,0.00,0.00,0.00,0.00,0.00,0.00,0.00,0.00,0.00,0.00,0.00,0.00,0.90,10.1016/j.tsf.2011.04.027,,,,,,,,,
Cu2ZnGeSe4,mp-10824,93409,0.00,0.07,0.00,0.07,0.00,0.65,0.59,0.28,0.55,0.07,0.97,1.44,1.34,1.59,1.53,1.29,10.1016/0025-5408(77)90150-7,,,,,,,,,
Cu2ZnSiS4,mp-977414,261367,1.19,1.18,1.30,1.29,1.23,2.32,2.32,1.74,1.93,1.60,2.58,3.09,3.03,3.25,3.19,2.97,10.1063/1.3490219,,,,,,,,,
Cu2ZnSnS4,mp-1025500,184478,0.36,0.34,0.49,0.46,0.41,1.52,1.49,0.97,1.16,0.76,1.75,2.30,2.25,2.39,2.48,1.51,10.1016/S1001-0521(07)60096-5,,,,,,,,,
Cu3AsS4,mp-3345,413350,0.17,0.17,0.25,0.24,0.22,0.64,0.63,0.55,0.65,0.38,1.36,1.82,1.80,1.99,1.97,1.24,,,,,,,,,,
Cu3AsSe4,mp-675626,610361,0.00,0.00,0.00,0.00,0.00,0.00,0.00,0.00,0.00,0.00,0.35,0.74,0.65,0.78,0.64,0.88,,,,,,,,,,
Cu3PS4,mp-3934,412240,1.16,1.16,1.25,1.23,1.20,1.85,1.85,1.64,1.63,1.56,2.52,2.92,2.95,3.10,3.06,2.35,,,,,,,,,,
Cu3PSe4,mp-5756,95412,0.18,0.15,0.29,0.25,0.24,0.86,0.81,0.65,0.82,0.54,1.35,1.71,1.68,1.98,1.79,1.40,10.1063/1.3656760,,,,,,,,,
Cu3SbS4,mp-5702,412239,0.00,0.03,0.00,0.04,0.00,0.31,0.28,0.16,0.23,0.00,0.88,1.36,1.29,1.52,1.49,0.88,10.1002/aenm.201200538,,,,,,,,,
Cu3SbSe4,mp-9814,400652,0.00,0.00,0.00,0.00,0.00,0.00,0.00,0.00,0.00,0.00,0.28,0.69,0.57,0.72,0.59,0.29,10.1039/C4TA01957A,,,,,,,,,
CuAlO2,mp-3748,60844,1.96,1.96,1.93,1.92,1.91,2.49,2.48,2.17,1.98,2.20,3.49,4.18,4.73,4.20,5.27,2.99,10.1063/1.2200398,,,,,,,,,
CuAlS2,mp-4979,42124,1.79,1.78,1.89,1.88,1.81,3.19,3.17,2.41,2.47,2.36,3.28,3.70,3.61,3.62,3.79,3.45,10.1016/j.optcom.2007.11.031,,,,,,,,,
CuAlSe2,mp-8016,28734,1.00,0.97,1.15,1.13,1.07,2.24,2.21,1.61,1.88,1.54,2.43,3.00,2.71,2.88,2.65,2.68,,,,,,,,,,
CuBiP2Se6,mp-569715,195341,0.72,0.54,0.82,0.62,0.77,1.32,0.99,1.00,1.12,1.02,1.87,2.16,2.07,2.43,2.01,1.20,10.1021/ic050357%2B,,,,,,,,,
CuBr,mp-22913,78274,0.29,0.26,0.48,0.45,0.36,2.87,2.82,1.29,1.47,0.74,2.18,3.11,3.02,2.79,3.32,3.07,,,,,,,,,,
CuBS2,mp-12954,156413,1.61,1.60,1.68,1.68,1.60,2.91,2.90,1.96,2.06,1.92,2.73,3.06,3.00,3.01,3.16,3.61,10.1016/j.matlet.2006.09.018,,,,,,,,,
CuCl,mp-22914,78270,0.39,0.32,0.54,0.47,0.42,3.10,3.03,1.42,1.54,0.81,2.35,3.37,3.54,2.94,3.97,3.40,,,,,,,,,,
CuGaO2,mp-4280,60846,0.96,0.96,0.95,0.94,0.92,1.59,1.59,1.19,1.07,1.20,2.41,3.12,3.83,3.11,4.50,2.55,10.1021/jp2087225,,,,,,,,,
CuGaS2,mp-5238,66864,0.77,0.77,0.89,0.88,0.83,1.92,1.92,1.42,1.63,1.23,2.21,2.82,2.75,2.85,2.96,2.51,,,,,,,,,,
CuGaSe2,mp-4840,42097,0.05,0.01,0.21,0.17,0.14,1.09,1.04,0.64,0.96,0.45,1.35,1.90,1.73,1.94,1.87,1.70,,,,,,,,,,
CuGaTe2,mp-3839,74456,0.45,0.26,0.59,0.41,0.54,1.22,1.01,0.93,1.28,0.76,1.64,2.06,1.89,2.21,1.93,1.23,,,,,,,,,,
CuI,mp-22895,33724,1.01,0.83,1.18,1.02,1.07,3.14,2.92,1.86,2.12,1.49,2.64,3.33,3.08,3.28,3.21,3.12,,,,,,,,,,
CuInS2,mp-22736,186714,0.20,0.18,0.32,0.30,0.24,1.55,1.53,0.83,0.98,0.60,1.61,2.19,2.11,2.18,2.26,1.53,,,,,,,,,,
CuInSe2,mp-22811,252780,0.03,0.02,0.03,0.02,0.03,0.88,0.83,0.27,0.51,0.06,0.95,1.46,1.30,1.54,1.45,1.04,,,,,,,,,,
CuInTe2,mp-22261,74460,0.00,0.02,0.13,0.02,0.06,0.78,0.55,0.39,0.71,0.25,1.01,1.35,1.21,1.58,1.31,1.06,10.1016/j.matchemphys.2014.05.012,,,,,,,,,
CuLaO2,mp-20072,18102,2.48,2.52,2.53,2.46,2.47,1.88,1.73,3.03,2.62,2.83,3.87,4.19,4.52,4.45,5.01,2.34,10.1016/j.ijhydene.2005.08.015,,,,,,,,,
CuSbSe2,mp-20331,418754,0.53,0.46,0.59,0.52,0.55,1.11,0.97,0.78,0.81,0.69,1.30,1.53,1.44,1.92,1.47,1.04,,,,,,,,,,
CuScO2,mp-4636,55689,2.42,2.41,2.42,2.40,2.38,3.10,3.11,2.62,2.43,2.67,3.94,4.59,5.11,4.64,5.75,3.30,10.1016/S1466-6049(01)00006-X,,,,,,,,,
CuTaN2,mp-8927,71136,0.87,0.76,0.96,0.84,0.89,1.18,1.01,1.31,1.56,1.25,2.05,2.48,2.55,2.71,2.88,1.50,10.1039/C3EE40621K,,,,,,,,,
FeP2,mp-20027,15027,0.31,0.30,0.39,0.34,0.34,0.20,0.14,0.66,0.90,0.83,1.82,2.48,1.82,2.28,1.12,0.37,10.1088/0031-8949/4/3/010,,,,,,,,,
FeS2,mp-226,109377,0.59,0.58,0.64,0.60,0.60,0.79,0.74,1.00,1.30,1.15,2.22,3.06,2.57,3.04,2.33,0.95,10.1016/S0927-0248(01)00053-8,,,,,,,,,
Ga2S3,mp-539,409550,1.69,1.69,1.92,1.91,1.82,2.49,2.49,2.26,2.97,2.35,3.06,3.36,3.47,3.63,3.65,3.44,10.1063/1.1609254,,,,,,,,,
GaAs,mp-2534,107946,0.33,0.22,0.57,0.46,0.50,0.86,0.74,0.76,1.55,0.80,1.46,1.79,1.69,2.07,1.85,1.52,,,,,,,,,,
GaN,mp-804,157398,1.87,1.87,1.87,1.86,1.82,2.76,2.76,2.58,3.16,2.23,3.15,3.63,4.04,3.83,4.63,3.50,,,,,,,,,,
GaP,mp-2490,77087,1.49,1.46,1.64,1.61,1.51,2.39,2.36,1.84,2.32,1.88,2.30,2.31,2.45,2.93,2.74,2.35,,,,,,,,,,
GaS,mp-2507,173940,1.41,1.41,1.59,1.58,1.48,2.37,2.36,1.81,2.24,1.85,2.33,2.33,2.58,2.98,2.97,2.54,10.1063/1.2358192,,,,,,,,,
GaSb,mp-1156,635318,0.00,0.00,0.16,0.00,0.12,0.18,0.00,0.25,0.88,0.16,0.96,1.13,1.13,1.55,1.22,0.82,,,,,,,,,,
GaSe,mp-1943,63122,0.70,0.68,0.94,0.92,0.85,1.64,1.61,1.20,1.89,1.30,1.85,1.90,2.08,2.46,2.32,2.10,,,,,,,,,,
GaTe,mp-542812,8249,0.79,0.73,0.95,0.88,0.87,1.47,1.40,1.13,1.46,1.15,1.62,1.70,1.75,2.19,1.90,1.80,,,,,,,,,,
Ge,mp-32,184252,0.00,0.00,0.11,0.01,0.07,0.15,0.05,0.19,0.82,0.14,0.86,0.98,1.09,1.48,1.48,0.74,,,,,,,,,,
GeAs,mp-9548,86361,0.39,0.39,0.49,0.48,0.44,0.84,0.87,0.58,0.84,0.61,0.96,1.03,1.06,1.41,1.21,0.65,10.1103/PhysRevB.3.2581,,,,,,,,,
GeAs2,mp-17524,23872,0.47,0.47,0.59,0.58,0.52,1.00,0.99,0.73,1.00,0.78,1.14,1.20,1.23,1.69,1.33,1.06,10.1103/PhysRevB.3.2581,,,,,,,,,
GeO2,mp-470,92551,1.77,1.77,1.88,1.87,1.83,1.99,1.99,2.66,3.99,2.47,3.86,4.99,6.05,4.59,6.80,5.35,,,,,,,,,,
GeSe,mp-700,41738,0.59,0.57,0.64,0.62,0.59,1.26,1.20,0.92,1.01,0.78,1.13,1.12,1.21,1.72,1.37,1.08,,,,,,,,,,
HfNBr,mp-568346,95720,1.95,1.94,2.09,2.06,2.00,2.19,2.16,2.33,3.15,2.43,3.21,3.58,3.72,3.91,4.04,3.10,10.1021/ic401548a,,,,,,,,,
HfO2,mp-352,173158,3.86,3.84,4.03,4.01,3.94,4.14,4.10,4.48,5.69,4.45,5.62,6.24,6.90,6.33,7.48,5.50,10.1016/j.tsf.2004.01.110,,,,,,,,,
HfS2,mp-985829,601164,0.84,0.80,1.00,0.96,0.91,1.31,1.30,1.05,1.64,1.27,1.81,1.93,2.01,2.37,2.07,1.96,10.1016/0022-3697(65)90043-0,,,,,,,,,
HfSe2,mp-985831,195308,0.35,0.17,0.47,0.29,0.40,0.83,0.68,0.67,1.06,0.75,1.16,1.24,1.26,1.76,1.32,1.13,10.1016/0022-3697(65)90043-0,,,,,,,,,
Hg2I2,mp-22859,262368,1.54,1.45,1.67,1.58,1.61,2.04,1.93,1.77,2.09,1.86,2.48,2.60,2.71,3.04,2.88,3.00,10.1201/9781420050196,,,,,,,,,
Hg4As2CdI4,mp-570838,416973,0.64,0.49,0.84,0.69,0.77,1.11,0.91,1.02,1.75,0.84,1.77,2.06,2.04,2.00,1.81,1.45,10.1016/j.jssc.2006.11.018,,,,,,,,,
HgGa2S4,mp-4809,67220,1.56,1.54,1.78,1.75,1.67,2.68,2.66,2.04,2.76,2.05,2.81,3.10,3.19,3.20,3.45,2.79,,,,,,,,,,
HgGa2Se4,mp-4730,83712,0.92,0.79,1.13,1.00,1.03,1.95,1.80,1.37,2.01,1.37,2.02,2.30,2.28,2.62,2.49,1.99,,,,,,,,,,
HgI2,mp-23192,181575,1.00,0.72,1.20,0.91,1.11,1.96,1.65,1.44,1.99,1.34,2.11,2.32,2.39,2.72,2.56,2.40,,,,,,,,,,
HgIn2Se4,mp-20731,25649,0.46,0.34,0.68,0.56,0.58,1.59,1.45,0.93,1.52,0.92,1.50,1.72,1.72,2.09,1.93,1.16,,,,,,,,,,
HgIn2Te4,mp-19765,25652,0.59,0.31,0.76,0.49,0.68,1.41,1.10,0.94,1.39,0.87,1.49,1.64,1.62,2.06,1.75,0.90,,,,,,,,,,
HgO,mp-1224,14124,1.18,1.16,1.24,1.20,1.20,1.31,1.29,1.52,1.80,1.47,2.34,2.63,3.04,3.02,3.58,1.90,10.1103/PhysRevB.71.235109,,,,,,,,,
HgS,mp-634,81923,1.38,1.35,1.55,1.51,1.46,2.22,2.21,1.73,2.29,1.73,2.55,2.78,2.89,3.17,3.11,2.03,,,,,,,,,,
HgS,mp-1123,81917,0.00,0.11,0.00,0.11,0.00,0.83,0.82,0.00,0.68,0.00,0.50,0.80,0.89,1.11,1.23,0.54,,,,,,,,,,
HgSnO3,mp-13554,260029,0.00,0.13,0.03,0.08,0.00,0.75,0.70,0.64,1.55,0.37,1.55,2.36,2.76,2.12,3.28,1.60,10.1021/ic800370r,,,,,,,,,
In2Se3,mp-19907,5419,0.00,0.00,0.00,0.00,0.00,0.00,0.00,0.00,0.00,0.00,0.00,0.00,0.00,0.00,0.00,1.36,10.1002/pssa.2211180228,,,,,,,,,
In2Se3,mp-20830,640498,0.00,0.00,0.00,0.00,0.00,0.00,0.00,0.00,0.00,0.00,0.00,0.00,0.00,0.00,0.00,1.31,10.1002/pssa.2211180228,,,,,,,,,
In6S7,mp-555853,15317,0.23,0.23,0.33,0.33,0.27,0.91,0.91,0.38,0.63,0.52,0.86,0.84,1.01,1.43,1.26,0.93,10.1063/1.3698334,,,,,,,,,
In6Se7,mp-567596,9135,0.05,0.06,0.05,0.05,0.04,0.64,0.64,0.05,0.32,0.23,0.48,0.45,0.56,1.01,0.75,2.20,10.1142/S0218625X13500583,,,,,,,,,
InAs,mp-20305,41444,0.00,0.00,0.00,0.00,0.00,0.23,0.10,0.00,0.64,0.01,0.55,0.77,0.71,1.12,0.87,0.42,10.1063/1.363660,,,,,,,,,
InBi2S4Cl,mp-559521,484,1.45,1.33,1.62,1.47,1.52,2.14,1.85,1.76,2.26,1.83,2.36,2.45,2.55,3.00,2.52,1.50,10.1021/cm701995d,,,,,,,,,
InBi2Se4Br,mp-571169,159465,1.15,0.89,1.28,1.00,1.21,1.67,1.13,1.42,1.78,1.40,1.92,2.00,2.05,2.49,2.21,1.21,10.1021/cm701995d,,,,,,,,,
InN,mp-22205,109463,0.00,0.00,0.00,0.00,0.00,0.68,0.68,0.26,0.89,0.02,0.74,1.07,1.27,1.35,1.72,0.70,10.1103/PhysRevB.77.245207,,,,,,,,,
InP,mp-20351,41443,0.48,0.45,0.71,0.68,0.61,1.35,1.31,0.91,1.60,1.05,1.52,1.68,1.71,2.14,1.88,1.42,,,,,,,,,,
InPS4,mp-20790,1699,2.26,2.26,2.49,2.48,2.38,3.03,2.98,2.70,3.31,2.88,3.59,3.84,3.93,4.01,4.11,3.12,10.1021/acs.cgd.7b00214,,,,,,,,,
InS,mp-19795,81338,1.03,1.03,1.19,1.19,1.11,1.71,1.73,1.33,1.82,1.45,1.96,2.09,2.15,2.57,2.32,2.09,10.1016/j.optmat.2013.10.046,,,,,,,,,
InSb,mp-20012,162196,0.00,0.00,0.00,0.00,0.00,0.00,0.00,0.00,0.44,0.00,0.54,0.74,0.67,0.97,0.66,0.24,,,,,,,,,,
InSb2S4Br,mp-559864,159467,1.37,1.34,1.49,1.45,1.41,1.98,1.90,1.64,1.98,1.66,2.17,2.25,2.34,2.76,2.51,1.50,10.1021/cm701995d,,,,,,,,,
InSb2S4Cl,mp-556541,159468,1.41,1.38,1.53,1.49,1.45,2.01,1.93,1.68,2.02,1.70,2.21,2.28,2.39,2.82,2.59,1.80,10.1021/cm701995d,,,,,,,,,
InSb2Se4Br,mp-570321,159466,0.95,0.90,1.05,0.99,0.99,1.50,1.39,1.22,1.48,1.18,1.61,1.69,1.72,2.15,1.84,1.21,10.1021/cm701995d,,,,,,,,,
InTe,mp-20320,169418,0.00,0.00,0.00,0.00,0.00,0.29,0.27,0.00,0.06,0.00,0.16,0.05,0.16,0.72,0.27,1.16,,,,,,,,,,
K2AgVS4,mp-8900,66840,1.21,1.21,1.30,1.30,1.26,1.32,1.31,1.36,1.70,1.54,2.32,2.53,2.82,2.96,3.16,1.85,10.1002/(SICI)1521-3749(199808)624:8<1285::AID-ZAAC1285>3.0.CO;2-5,,,,,,,,,
K2Au2SnS4,mp-557121,74022,1.63,1.57,1.84,1.77,1.75,2.50,2.44,2.09,2.75,2.13,2.84,3.05,3.26,3.32,3.57,2.75,10.1021/cm00034a029,,,,,,,,,
K2AuPS4,mp-9509,85679,1.19,1.14,1.39,1.33,1.28,2.43,2.38,1.67,2.33,1.66,2.35,2.51,2.74,2.98,3.08,2.63,10.1002/(SICI)1099-0682(199802)1998:2<283::AID-EJIC283>3.0.CO;2-L,,,,,,,,,
K2CsSb,mp-581024,53237,0.84,0.68,1.07,0.91,0.97,1.82,1.64,1.43,2.07,1.52,1.66,1.66,1.70,2.07,1.64,1.00,,,,,,,,,,
K2Hg3Ge2S8,mp-11131,281506,1.39,1.38,1.56,1.55,1.49,2.26,2.23,1.73,2.32,1.74,2.50,2.71,2.91,3.16,3.29,2.70,10.1021/ja034121l,,,,,,,,,
K2La2Ti3O10,mp-6548,74193,2.00,2.00,2.10,2.10,2.05,1.36,1.24,2.26,2.97,2.45,3.52,4.17,4.78,4.21,5.47,3.05,10.1016/j.jssc.2004.12.024,,,,,,,,,
K2PbGe2S6,mp-561132,170601,2.14,2.08,2.28,2.22,2.22,2.71,2.68,2.42,2.94,2.52,3.21,3.31,3.59,3.75,3.88,2.85,10.1021/ic050087v,,,,,,,,,
K2TeBr6,mp-22963,22078,2.10,1.97,2.19,2.06,2.15,2.53,2.31,2.35,2.63,2.31,2.83,2.86,3.13,3.19,3.32,2.17,10.1134/S0020168511010109,,,,,,,,,
K2TeI6,mp-27688,23649,1.67,1.40,1.73,1.47,1.70,1.91,1.58,1.84,1.99,1.84,2.23,2.22,2.36,2.84,2.43,1.38,10.1134/S0020168511010109,,,,,,,,,
K2ZnTe2,mp-12535,420088,1.94,1.70,2.13,1.90,2.08,3.04,2.80,2.51,3.00,2.35,2.92,3.02,3.10,3.32,3.11,3.00,10.1016/j.jssc.2009.02.020,,,,,,,,,
K3Sb,mp-10159,44677,0.57,0.43,0.77,0.63,0.71,1.51,1.35,1.14,1.74,1.21,1.30,1.30,1.34,1.49,1.22,1.40,,,,,,,,,,
K3Sb,mp-14017,656327,0.34,0.23,0.47,0.36,0.43,1.52,1.37,0.84,1.47,0.78,0.98,0.96,1.00,1.51,1.09,1.10,,,,,,,,,,
K6CdTe4,mp-17698,420087,1.47,1.29,1.68,1.51,1.62,2.82,2.60,2.15,2.94,1.95,2.38,2.45,2.53,2.84,2.70,2.51,10.1016/j.jssc.2009.02.020,,,,,,,,,
KAg2PS4,mp-12532,420033,0.92,0.92,1.14,1.13,1.03,2.49,2.49,1.53,2.29,1.53,2.30,2.67,2.74,2.96,2.99,3.02,10.1016/j.jssc.2008.11.017,,,,,,,,,
KAg2SbS4,mp-9490,82143,0.12,0.12,0.32,0.30,0.22,1.18,1.18,0.64,1.17,0.56,1.37,1.73,1.77,2.01,2.01,1.71,10.1016/j.jallcom.2018.02.331,,,,,,,,,
KBiSiS4,mp-866651,421485,2.04,1.73,2.19,1.86,2.11,2.58,1.96,2.30,2.76,2.33,2.96,3.02,3.21,3.49,3.41,2.25,10.1016/j.jssc.2010.05.003,,,,,,,,,
KBr,mp-23251,187220,3.96,3.79,4.36,4.20,4.21,6.58,6.40,4.98,6.46,4.91,5.51,5.78,6.11,6.23,6.68,7.80,10.1103/PhysRevLett.19.496,,,,,,,,,
KCl,mp-23193,165593,4.77,4.72,5.21,5.17,5.04,7.58,7.54,5.89,7.78,5.78,6.52,6.87,7.44,6.82,8.19,8.69,10.1103/PhysRev.166.599,,,,,,,,,
KCu3S2,mp-9868,100001,0.31,0.30,0.44,0.43,0.37,1.68,1.67,0.92,1.21,0.70,1.56,1.97,2.02,2.14,2.23,1.64,10.1039/C4RA12541J,,,,,,,,,
KCu4AsS4,mp-557728,420017,1.40,1.38,1.44,1.42,1.40,2.15,2.14,1.73,1.65,1.58,2.45,2.77,2.86,3.01,3.05,1.90,10.1016/j.jssc.2012.08.039,,,,,,,,,
KCuThS3,mp-12365,170864,2.02,2.00,2.10,2.08,2.03,1.82,1.61,2.28,2.40,2.29,3.04,3.21,3.34,3.47,3.49,2.95,10.1021/ic050561x,,,,,,,,,
Kr,mp-612118,43726,6.77,6.53,7.27,7.04,7.14,10.10,9.82,8.03,10.64,8.04,8.67,9.08,9.64,9.42,10.38,11.59,10.1016/0030-4018(86)90186-0,,,,,,,,,
KTaO3,mp-3614,280424,2.02,1.85,2.17,2.00,2.08,2.11,1.89,2.50,3.59,2.53,3.53,4.09,4.87,4.19,5.48,3.64,10.1103/PhysRevB.74.155130,,,,,,,,,
La2O3,mp-1968,56771,3.77,3.74,3.86,3.84,3.81,2.20,2.11,4.16,4.67,4.26,5.34,5.81,6.17,5.87,6.31,5.34,10.1143/JPSJ.69.3451,,,,,,,,,
LaCuOS,mp-6088,96343,1.60,1.59,1.68,1.67,1.63,0.76,0.61,1.84,2.01,2.01,2.96,3.44,3.39,3.64,3.56,3.10,"10.1063/1.1364656,10.1063/1.1319507",,,,,,,,,
LaCuOSe,mp-552488,96758,1.44,1.41,1.55,1.48,1.49,0.63,0.26,1.76,1.86,1.90,2.75,3.22,3.09,3.40,3.21,2.80,10.1063/1.1456240,,,,,,,,,
LaCuOTe,mp-546790,416522,1.13,0.93,1.19,1.00,1.15,0.39,0.09,1.39,1.54,1.48,2.21,2.52,2.42,2.84,2.51,2.31,10.1016/j.jssc.2006.09.014,,,,,,,,,
LaF3,mp-905,252346,6.13,5.99,6.13,5.99,6.22,2.80,2.50,6.06,6.25,7.28,9.68,11.83,12.38,10.20,13.05,10.10,10.1103/PhysRevB.18.5740,,,,,,,,,
LaZnAsO,mp-549589,420204,0.41,0.30,0.53,0.42,0.47,0.47,0.24,0.84,1.29,0.76,1.32,1.52,1.48,1.93,1.61,1.50,10.1016/j.tsf.2007.10.035,,,,,,,,,
LaZnPO,mp-7060,85777,0.47,0.44,0.63,0.60,0.55,0.64,0.34,0.86,1.41,0.88,1.48,1.69,1.66,2.10,1.79,1.70,10.1016/j.tsf.2007.10.035,,,,,,,,,
LiAsS2,mp-555874,419061,1.02,1.00,1.11,1.08,1.04,1.56,1.55,1.19,1.42,1.27,1.73,1.74,1.88,2.38,2.10,1.60,10.1002/anie.200801392,,,,,,,,,
LiAsSe2,mp-1078724,248116,0.73,0.69,0.77,0.73,0.74,1.02,0.99,0.87,0.98,0.88,1.23,1.23,1.31,1.83,1.43,1.11,10.1021/ja9094846,,,,,,,,,
LiBr,mp-23259,52236,4.65,4.48,4.94,4.77,4.77,6.95,6.76,5.51,6.49,5.72,6.17,6.52,6.52,6.67,6.53,7.60,10.1002/pssb.19700380132,,,,,,,,,
LiCl,mp-22905,26909,6.00,5.96,6.33,6.28,6.13,8.51,8.47,6.92,8.27,7.18,7.74,8.17,8.41,8.28,8.89,9.40,10.1002/pssb.19700380132,,,,,,,,,
LiCoO2,mp-24850,51767,0.90,0.90,1.12,0.97,0.98,0.59,0.53,1.79,3.48,2.35,4.20,6.21,7.16,4.89,7.61,2.10,10.1016/S0038-1098(02)00325-3,,,,,,,,,
LiF,mp-1138,62361,8.84,8.82,9.08,9.06,8.91,11.75,11.72,10.13,12.08,9.98,11.39,12.73,15.09,11.94,15.97,13.60,10.1016/0022-3697(67)90280-6,,,,,,,,,
LiGaTe2,mp-5048,162555,1.67,1.40,1.78,1.53,1.72,2.27,2.00,2.03,2.36,2.02,2.51,2.56,2.63,3.12,2.79,2.65,10.1021/cg050076c,,,,,,,,,
LiH,mp-23703,173177,2.65,2.65,3.00,3.00,2.76,4.19,4.19,3.71,4.65,3.64,3.99,4.21,4.15,4.66,4.16,4.94,10.1143/JPSJ.57.367,,,,,,,,,
LiInI4O12,mp-973966,422056,3.34,3.29,3.45,3.39,3.38,3.66,3.55,3.83,4.49,3.79,4.83,5.33,6.01,5.34,6.74,4.27,10.1039/C0DT01272F,,,,,,,,,
LiInSe2,mp-20310,60838,1.64,1.52,1.85,1.74,1.75,2.62,2.50,2.14,2.80,2.22,2.77,2.99,3.02,3.41,3.18,3.01,10.1063/1.1478139,,,,,,,,,
LiIO3,mp-22955,35473,0.59,0.41,0.62,0.44,0.60,0.61,0.42,0.84,1.05,0.77,1.31,1.52,1.78,1.91,2.40,6.10,10.1103/PhysRevB.73.115110,,,,,,,,,
LiNbO3,mp-3731,28294,3.36,3.33,3.42,3.38,3.38,3.10,3.09,3.66,4.22,3.86,4.82,5.43,6.26,5.30,7.03,3.78,10.1063/1.346951,,,,,,,,,
LiTaO3,mp-3666,239372,3.13,3.06,3.25,3.18,3.18,2.97,2.91,3.54,4.67,3.62,4.67,5.34,6.12,5.43,6.03,4.70,10.1021/jp004386b,,,,,,,,,
LiZnAs,mp-9124,74504,0.44,0.34,0.64,0.54,0.55,1.35,1.24,0.98,1.63,0.93,1.52,1.84,1.67,2.16,1.76,1.61,10.1103/PhysRevB.49.11452,,,,,,,,,
LiZnN,mp-7575,16790,0.72,0.71,0.66,0.65,0.63,1.58,1.57,1.44,1.91,0.96,1.89,2.38,2.65,2.59,3.21,1.91,10.1016/S0022-0248(98)00984-1,,,,,,,,,
LiZnP,mp-10182,642242,1.24,1.22,1.36,1.34,1.23,2.33,2.31,1.65,2.06,1.65,1.95,1.97,2.05,2.50,2.22,2.04,10.1103/PhysRevB.37.7140,,,,,,,,,
Mg2Ge,mp-408,81735,0.15,0.08,0.15,0.09,0.09,0.71,0.64,0.54,0.61,0.38,0.53,0.48,0.49,1.04,0.45,0.69,10.1103/PhysRev.109.1916,,,,,,,,,
Mg2Si,mp-1367,180944,0.17,0.16,0.21,0.20,0.13,0.88,0.87,0.52,0.61,0.45,0.59,0.52,0.52,1.11,0.33,0.78,10.1103/PhysRev.109.1909,,,,,,,,,
Mg2Sn,mp-2343,104870,0.00,0.00,0.00,0.00,0.00,0.08,0.00,0.26,0.34,0.10,0.25,0.16,0.22,0.74,0.09,0.30,,,,,,,,,,
Mg3Sb2,mp-2646,245692,0.21,0.07,0.25,0.12,0.23,0.78,0.65,0.68,0.83,0.50,0.62,0.53,0.58,1.13,0.48,0.80,10.1088/0022-3727/39/24/035,,,,,,,,,
MgCl2,mp-23210,86439,5.24,5.23,5.63,5.62,5.47,7.54,7.53,6.21,7.72,6.45,7.03,7.45,7.82,7.55,8.25,7.50,10.1103/PhysRevB.9.2679,,,,,,,,,
MgF2,mp-1249,8120,6.81,6.81,7.18,7.18,7.00,9.99,9.99,8.27,10.53,8.00,9.47,10.83,12.99,9.88,13.85,12.40,10.1002/pssb.2220560115,,,,,,,,,
MgO,mp-1265,9863,4.62,4.61,4.71,4.70,4.61,5.81,5.80,5.57,6.76,5.53,6.44,7.28,7.97,7.14,8.63,7.67,,,,,,,,,,
MgSiP2,mp-2961,22189,1.17,1.16,1.29,1.29,1.17,2.43,2.43,1.59,1.97,1.57,1.94,1.97,1.98,2.16,1.78,2.41,10.1002/pssb.2221060110,,,,,,,,,
MgTe,mp-1039,642882,2.35,2.09,2.57,2.32,2.44,3.66,3.37,2.99,3.54,3.18,3.39,3.51,3.47,3.90,3.41,3.49,,,,,,,,,,
MoS2,mp-2815,95569,0.81,0.80,0.90,0.89,0.85,1.11,1.17,0.93,1.08,0.99,1.47,1.44,1.56,2.09,1.70,1.23,10.1021/j100393a010,,,,,,,,,
MoSe2,mp-1634,601045,0.75,0.74,0.81,0.80,0.78,1.18,1.14,0.88,0.98,0.94,1.31,1.26,1.35,1.92,1.37,1.09,10.1021/j100393a010,,,,,,,,,
MoTe2,mp-602,644476,0.71,0.67,0.74,0.71,0.73,0.88,0.83,0.78,0.82,0.90,1.17,1.09,1.18,1.51,1.07,1.03,10.1002/pssb.2220940132,,,,,,,,,
Na2CdSnS4,mp-561075,281233,1.78,1.77,2.03,2.02,1.92,2.92,2.92,2.42,3.32,2.44,3.06,3.30,3.47,3.32,3.87,1.52,10.1039/B110254K,,,,,,,,,
Na2KSb,mp-15724,44332,0.58,0.40,0.77,0.59,0.71,1.30,1.09,1.15,1.77,1.31,1.36,1.38,1.38,1.92,1.35,1.00,,,,,,,,,,
Na2TeSe3,mp-573581,430312,1.17,1.08,1.28,1.19,1.22,1.66,1.56,1.41,1.70,1.46,1.96,2.01,2.15,2.43,2.24,1.95,,,,,,,,,,
Na2Ti3O7,mp-3488,250000,3.05,3.05,3.12,3.12,3.10,2.76,2.75,3.22,3.98,3.51,4.77,5.57,6.68,5.00,7.53,3.51,10.1016/j.jssc.2017.03.017,,,,,,,,,
Na3Sb,mp-7956,26882,0.32,0.14,0.42,0.25,0.38,1.11,0.91,0.93,1.32,0.88,0.93,0.95,0.92,1.42,0.84,1.10,,,,,,,,,,
NaAsS2,mp-5942,854,1.34,1.34,1.45,1.44,1.38,1.98,1.96,1.56,1.94,1.64,2.19,2.24,2.44,2.64,2.71,2.23,10.1002/anie.200801392,,,,,,,,,
NaBr,mp-22916,41440,3.76,3.59,4.13,3.96,3.98,5.55,5.36,4.77,6.21,4.83,5.32,5.59,5.84,5.80,6.14,7.10,10.1103/PhysRevLett.19.496,,,,,,,,,
NaCl,mp-22862,181148,4.69,4.65,5.10,5.06,4.93,6.46,6.42,5.78,7.71,5.85,6.46,6.80,7.32,7.01,7.34,8.75,10.1143/JPSJ.24.1286,,,,,,,,,
NaF,mp-682,262837,5.96,5.93,6.31,6.29,6.17,8.42,8.33,7.50,10.25,7.02,8.41,9.57,11.95,8.99,12.86,11.70,10.1143/JPSJ.26.1427,,,,,,,,,
NaI,mp-23268,61502,3.34,2.99,3.63,3.30,3.50,4.60,4.23,4.21,5.18,4.35,4.62,4.75,4.83,5.09,4.94,5.80,10.1143/JPSJ.26.1427,,,,,,,,,
NaLa2TaO6,mp-13019,159206,3.94,3.90,4.04,4.00,4.01,1.99,1.87,4.16,4.72,4.59,5.79,6.38,6.99,6.42,7.52,4.50,10.1016/j.jcrysgro.2007.10.030,,,,,,,,,
NaSbP2S6,mp-561303,155270,1.97,1.84,2.09,1.96,2.03,2.27,2.08,2.22,2.65,2.27,2.91,3.02,3.16,3.57,3.26,2.25,10.1016/j.materresbull.2005.12.006,,,,,,,,,
NaTaO3,mp-3858,239690,2.57,2.43,2.71,2.56,2.63,2.52,2.34,3.02,4.18,3.08,4.10,4.68,5.67,4.55,6.34,4.00,10.1021/jp004386b,,,,,,,,,
NaYbP2S6,mp-10838,93758,,,0.00,0.00,0.00,0.00,0.00,,,0.00,0.00,0.00,0.00,0.18,0.16,1.85,10.1006/jssc.2001.9222,,,,,,,,,
Ne,mp-111,43427,11.41,11.30,11.58,11.47,11.75,15.10,14.92,13.91,18.85,12.77,14.30,16.24,21.49,15.12,21.50,21.48,10.1016/0030-4018(86)90186-0,,,,,,,,,
OsAs2,mp-2455,238253,0.67,0.63,0.70,0.66,0.68,0.72,0.67,0.79,0.92,0.92,1.34,1.51,1.37,1.93,1.17,0.92,10.1021/ic501733z,,,,,,,,,
OsP2,mp-2319,238252,0.76,0.69,0.78,0.71,0.77,0.74,0.75,0.91,1.02,1.05,1.48,1.58,1.49,1.99,1.21,1.13,10.1021/ic501733z,,,,,,,,,
OsSb2,mp-2695,238254,0.41,0.39,0.45,0.42,0.43,0.33,0.40,0.49,0.62,0.58,0.98,1.03,0.99,1.54,0.83,0.21,10.1021/ic501733z,,,,,,,,,
P,mp-157,417180,0.03,0.03,0.02,0.01,0.03,0.43,0.43,0.11,0.07,0.10,0.25,0.26,0.26,0.84,0.10,0.31,,,,,,,,,,
P3N5,mp-567907,56876,3.53,3.53,3.67,3.66,3.58,4.04,4.04,4.26,5.14,4.11,5.10,5.56,6.08,5.83,6.69,5.87,10.1002/chem.201601149,,,,,,,,,
PbBr2,mp-28077,36170,2.93,2.49,3.13,2.66,3.02,4.16,3.19,3.51,4.13,3.44,4.07,4.25,4.36,4.54,4.37,3.98,10.1002/pssb.2220570157,,,,,,,,,
PbCl2,mp-23291,27736,3.69,3.20,3.90,3.37,3.78,5.09,4.07,4.24,4.90,4.26,4.85,4.99,5.26,5.52,5.78,4.86,,,,,,,,,,
PbCrO4,mp-19146,40920,1.72,1.67,1.76,1.71,1.74,1.78,1.75,1.84,1.98,2.02,2.71,2.92,3.68,3.34,4.50,2.25,10.1021/acs.inorgchem.5b01135,,,,,,,,,
PbCuSbS3,mp-649774,427413,0.59,0.39,0.67,0.46,0.61,1.41,1.02,0.87,0.98,0.80,1.55,1.66,1.72,2.05,1.68,1.30,10.1021/acs.cgd.5b00418,,,,,,,,,
PbF2,mp-315,86738,4.25,3.99,4.43,4.15,4.32,6.10,5.60,5.18,5.89,4.87,5.74,6.15,7.20,6.36,8.05,5.68,,,,,,,,,,
PbI2,mp-22893,68819,2.02,1.37,2.20,1.52,2.10,3.33,2.08,2.54,2.96,2.48,2.87,2.89,3.01,3.51,3.30,2.28,10.1063/1.4939269,,,,,,,,,
PbMoO4,mp-25054,239428,2.69,2.59,2.72,2.62,2.68,2.79,2.74,2.96,3.17,3.07,3.72,3.91,4.63,4.37,5.40,3.60,10.1016/j.optmat.2014.03.019,,,,,,,,,
PbS,mp-21276,62190,0.18,0.16,0.30,0.04,0.19,1.53,0.88,0.63,1.00,0.58,0.72,0.63,0.81,1.31,1.18,0.29,,,,,,,,,,
PbSe,mp-2201,62195,0.14,0.24,0.24,0.14,0.16,1.32,0.62,0.58,0.83,0.51,0.63,0.56,0.68,1.20,0.98,0.15,,,,,,,,,,
PbSeO4,mp-22342,40921,3.49,3.31,3.65,3.45,3.56,4.13,4.01,4.23,5.07,4.03,5.11,5.64,6.28,5.51,6.92,4.30,10.1021/acs.inorgchem.5b01135,,,,,,,,,
PbTe,mp-19717,63098,0.61,0.09,0.69,0.01,0.62,1.48,0.39,0.94,1.10,0.86,1.04,0.94,1.06,1.59,1.26,0.19,,,,,,,,,,
PbWO4,mp-25176,81550,3.14,2.94,3.20,3.01,3.15,3.26,3.14,3.51,3.95,3.60,4.24,4.43,5.14,4.89,5.89,4.20,10.1016/S0955-2219(03)00099-2,,,,,,,,,
PdS,mp-20250,61063,0.02,0.02,0.02,0.02,0.00,0.00,0.00,0.02,0.13,0.21,0.83,1.34,1.17,1.34,1.17,0.50,10.1016/0022-3697(65)90140-X,,,,,,,,,
PdS2,mp-13682,648747,0.00,0.00,0.00,0.00,0.00,0.00,0.00,0.06,0.25,0.16,0.90,1.35,1.30,1.51,1.47,0.75,10.1016/0022-3697(65)90140-X,,,,,,,,,
PdSe2,mp-2418,170327,0.00,0.00,0.00,0.00,0.00,0.00,0.08,0.00,0.12,0.10,0.63,0.94,0.85,1.23,0.97,0.40,10.1016/0022-3697(65)90140-X,,,,,,,,,
PtSb2,mp-562,43105,0.00,0.00,0.00,0.00,0.00,0.00,0.00,0.00,0.00,0.04,0.12,0.00,0.13,0.66,0.20,0.11,10.1016/0022-3697(83)90061-6,,,,,,,,,
Rb2AgVS4,mp-8901,66841,1.26,1.25,1.35,1.34,1.31,1.32,1.32,1.40,1.74,1.58,2.37,2.57,2.83,2.97,3.13,1.83,10.1002/(SICI)1521-3749(199808)624:8<1285::AID-ZAAC1285>3.0.CO;2-5,,,,,,,,,
Rb2Cu2SnS4,mp-18006,74020,0.99,0.98,1.14,1.12,1.07,1.98,1.97,1.49,1.67,1.41,2.42,2.91,2.89,3.01,3.03,2.08,10.1021/cm00034a029,,,,,,,,,
Rb2CuNbS4,mp-15221,84304,1.96,1.95,2.02,2.01,1.99,2.10,2.10,2.08,2.21,2.26,3.05,3.25,3.49,3.67,3.80,2.64,10.1021/ic025936i,,,,,,,,,
Rb2CuNbSe4,mp-15222,84305,1.62,1.59,1.68,1.65,1.65,1.77,1.72,1.79,1.89,1.92,2.58,2.71,2.88,3.21,3.14,2.19,10.1021/ic025936i,,,,,,,,,
Rb2CuVS4,mp-15219,84302,1.19,1.18,1.25,1.25,1.22,1.24,1.24,1.30,1.53,1.45,2.31,2.62,2.80,2.93,3.09,1.85,10.1021/ic025936i,,,,,,,,,
Rb2TeBr6,mp-23383,49521,1.80,1.73,1.90,1.83,1.85,2.36,2.20,2.09,2.37,2.02,2.52,2.55,2.78,3.13,3.23,2.19,10.1134/S0020168511010109,,,,,,,,,
Rb2TeI6,mp-28070,36009,1.38,1.11,1.49,1.22,1.43,1.76,1.46,1.67,1.81,1.63,2.00,1.98,2.12,2.51,2.36,1.43,10.1134/S0020168511010109,,,,,,,,,
Rb2TiCu2S4,mp-7129,280644,1.55,1.54,1.61,1.61,1.57,1.78,1.78,1.70,1.81,1.80,2.57,2.84,2.95,3.12,3.16,2.19,10.1021/ic001346d,,,,,,,,,
Rb3Sb2Br9,mp-28222,39823,1.71,1.62,1.78,1.68,1.72,2.37,2.12,2.04,2.28,1.93,2.35,2.36,2.62,2.96,3.11,2.48,10.1134/S0020168511010109,,,,,,,,,
RbAg2SbS4,mp-17756,82145,0.66,0.66,0.84,0.83,0.76,1.60,1.58,1.13,1.60,1.09,1.91,2.27,2.34,2.22,2.24,2.30,10.1006/jssc.1996.0179,,,,,,,,,
RbAu,mp-30373,58428,0.12,0.10,0.20,0.18,0.13,1.20,1.15,0.51,0.56,0.86,0.24,0.00,0.19,0.80,0.79,2.75,10.1002/bbpc.19840881007,,,,,,,,,
RbBr,mp-22867,22167,3.94,3.78,4.36,4.20,4.21,6.52,6.34,4.97,6.44,4.86,5.51,5.78,6.08,5.95,6.66,7.20,10.1103/PhysRevLett.19.496,,,,,,,,,
RbCl,mp-23295,18016,4.61,4.56,5.06,5.01,4.90,7.34,7.22,5.72,7.58,5.58,6.36,6.71,7.20,6.66,7.41,8.30,10.1103/PhysRev.155.896,,,,,,,,,
RbCu2VS4,mp-15998,280516,1.04,1.04,1.09,1.09,1.07,1.06,1.04,1.09,1.30,1.28,2.12,2.41,2.58,2.73,2.86,1.45,10.1107/S0108270100019442,,,,,,,,,
RbF,mp-11718,53828,5.32,5.28,5.72,5.67,5.57,8.38,8.26,6.80,8.78,6.25,7.64,8.65,9.75,8.03,9.73,10.40,10.1103/PhysRev.116.1099,,,,,,,,,
RbI,mp-22903,22168,3.55,3.23,3.92,3.60,3.77,5.93,5.58,4.46,5.51,4.43,4.89,5.02,5.18,5.24,5.57,6.37,10.1103/PhysRev.141.797,,,,,,,,,
ReS2,mp-572758,81814,1.22,1.07,1.24,1.09,1.23,1.20,0.99,1.30,1.38,1.34,1.84,1.80,1.98,2.40,2.09,1.37,10.1063/1.365357,,,,,,,,,
ReSe2,mp-541582,81813,0.99,0.90,1.04,0.94,1.01,1.07,0.92,1.13,1.25,1.20,1.64,1.57,1.72,2.28,1.72,1.19,10.1063/1.365357,,,,,,,,,
RuS2,mp-2030,68472,0.70,0.69,0.78,0.76,0.75,1.11,1.11,1.04,1.25,1.03,1.87,2.25,2.10,2.37,1.87,1.45,10.1088/0953-8984/7/21/015,,,,,,,,,
RuSe2,mp-1922,68473,0.37,0.36,0.45,0.42,0.41,0.75,0.77,0.65,0.81,0.71,1.35,1.68,1.49,1.96,1.36,0.76,10.1088/0022-3719/18/32/018,,,,,,,,,
RuTe2,mp-1848,65169,0.08,0.06,0.12,0.09,0.09,0.42,0.41,0.22,0.33,0.18,0.69,0.75,0.72,1.33,0.68,0.49,10.1016/0038-1098(96)00041-5,,,,,,,,,
Sb2O3,mp-2136,240207,2.06,2.06,2.13,2.12,2.05,3.24,3.21,2.50,2.80,2.41,2.98,3.08,3.39,3.64,3.92,3.25,10.1002/pssb.2220540234,,,,,,,,,
Sb2O3,mp-1999,240206,3.03,2.97,3.18,3.11,3.07,4.34,4.22,3.57,4.11,3.48,4.17,4.30,4.66,4.82,5.19,4.00,10.1002/pssb.2220540234,,,,,,,,,
Sb2S3,mp-2809,171850,1.19,1.16,1.27,1.24,1.20,1.81,1.73,1.41,1.64,1.42,1.80,1.81,1.89,2.38,2.03,1.74,10.1016/0040-6090(95)06577-6,,,,,,,,,
Sb2Se3,mp-2160,194836,0.87,0.80,0.96,0.88,0.90,1.33,1.20,1.10,1.31,1.08,1.47,1.49,1.52,1.71,1.53,1.11,,,,,,,,,,
Sb2Te3,mp-1201,193341,0.07,0.22,0.03,0.23,0.07,0.34,0.14,0.11,0.21,0.05,0.23,0.25,0.24,0.65,0.22,0.28,,,,,,,,,,
SbF3,mp-1880,16142,4.39,4.35,4.54,4.50,4.46,5.65,5.49,4.92,5.61,4.94,5.72,5.96,7.05,6.37,8.01,4.30,10.1016/j.optmat.2008.01.018,,,,,,,,,
SbI3,mp-569224,30906,2.22,1.92,2.34,2.03,2.27,2.66,2.21,2.52,2.75,2.55,3.11,3.16,3.25,3.62,3.24,2.41,,,,,,,,,,
SbNSr3,mp-7752,152052,0.19,0.12,0.21,0.16,0.19,1.06,0.97,0.58,0.84,0.50,0.90,0.96,0.93,1.51,0.89,1.15,10.1002/zaac.200400256,,,,,,,,,
SbSBr,mp-22971,88584,1.52,1.46,1.65,1.58,1.56,2.25,2.09,1.80,2.16,1.84,2.35,2.40,2.49,2.70,2.69,2.27,10.1088/0268-1242/10/8/021,,,,,,,,,
SbSeI,mp-22996,35470,1.29,1.15,1.39,1.25,1.32,1.75,1.49,1.58,1.82,1.57,2.05,2.11,2.11,2.59,2.09,1.70,10.1021/ic401086r,,,,,,,,,
SbSI,mp-23041,85301,1.50,1.31,1.62,1.42,1.55,2.01,1.68,1.79,2.06,1.80,2.28,2.35,2.37,2.85,2.41,1.88,,,,,,,,,,
ScN,mp-2857,644666,0.00,0.00,0.00,0.00,0.00,0.37,0.35,0.19,0.92,0.30,0.91,1.32,1.39,1.59,1.80,0.90,10.1103/PhysRevB.70.045303,,,,,,,,,
ScNiSb,mp-3432,40296,0.29,0.26,0.30,0.28,0.29,0.25,0.24,0.19,0.33,0.38,0.44,0.07,0.45,1.08,0.74,0.11,10.1088/0953-8984/15/4/304,,,,,,,,,
ScPdSb,mp-569779,415944,0.32,0.26,0.31,0.26,0.31,0.27,0.23,0.24,0.27,0.42,0.52,0.28,0.54,1.15,0.82,0.23,10.1088/0953-8984/15/4/304,,,,,,,,,
Si,mp-149,51688,0.52,0.50,0.62,0.60,0.51,1.49,1.47,0.90,1.20,0.87,1.20,1.21,1.20,1.83,1.10,1.17,,,,,,,,,,
Si3N4,mp-988,170004,4.13,4.13,4.31,4.31,4.18,5.04,5.03,4.89,5.73,4.96,5.78,6.25,6.47,6.53,6.83,5.10,10.1063/1.1652607,,,,,,,,,
SiAs,mp-1863,43227,0.71,0.71,0.81,0.80,0.73,1.53,1.51,1.02,1.31,1.04,1.36,1.35,1.38,1.96,1.40,1.45,,,,,,,,,,
SiC,mp-8062,603798,1.30,1.29,1.35,1.35,1.23,2.10,2.09,1.86,2.29,1.71,2.25,2.35,2.36,2.98,2.34,2.42,,,,,,,,,,
SiC,mp-7140,86253,2.22,2.22,2.35,2.34,2.19,3.33,3.32,2.83,3.37,2.72,3.26,3.40,3.37,3.83,3.26,3.33,,,,,,,,,,
SiC,mp-11714,24170,2.17,2.17,2.23,2.23,2.11,2.93,2.93,2.71,3.11,2.60,3.17,3.30,3.29,3.88,3.23,3.20,,,,,,,,,,
SiC,mp-7631,156190,1.96,1.95,2.01,2.01,1.90,2.71,2.70,2.47,2.89,2.37,2.92,3.04,3.04,3.64,2.99,2.86,,,,,,,,,,
SiO2,mp-7000,154289,5.77,5.77,6.02,6.01,5.90,7.54,7.56,6.83,8.23,6.58,7.87,8.72,9.72,8.54,10.45,8.90,10.1016/0038-1098(71)90643-0,,,,,,,,,
SiP2,mp-9996,43098,0.69,0.69,0.80,0.79,0.70,1.52,1.52,0.89,1.09,0.97,1.39,1.38,1.41,1.88,1.30,1.89,,,,,,,,,,
Sn,mp-117,40039,0.00,0.00,0.00,0.00,0.00,0.00,0.00,0.00,0.00,0.00,0.00,0.17,0.12,0.42,0.03,0.09,,,,,,,,,,
Sn2SbS2I3,mp-561134,23344,0.39,0.28,0.44,0.33,0.40,0.72,0.42,0.54,0.68,0.59,0.86,0.83,0.92,1.29,0.99,1.50,10.1002/crat.2170251214,,,,,,,,,
SnBr2,mp-29862,411177,2.22,2.14,2.33,2.25,2.24,3.28,3.13,2.65,2.92,2.67,3.04,3.08,3.27,3.62,3.56,3.45,10.1002/1521-3951(200102)223:3<723::AID-PSSB723>3.0.CO;2-S,,,,,,,,,
SnCl2,mp-569152,15452,2.90,2.85,3.06,3.01,2.95,4.15,4.06,3.38,3.81,3.41,3.91,3.97,4.27,4.32,4.70,3.80,10.1063/1.3576118,,,,,,,,,
SnO2,mp-856,154960,1.20,1.21,1.34,1.33,1.25,1.61,1.62,1.99,3.23,1.94,3.13,4.12,4.85,3.83,5.51,3.60,,,,,,,,,,
SnS,mp-2231,52108,0.70,0.69,0.73,0.72,0.68,1.37,1.34,0.94,1.01,0.91,1.07,0.99,1.13,1.57,1.34,1.23,10.1016/j.solmat.2003.06.002,,,,,,,,,
SnS2,mp-1170,100610,1.23,1.23,1.43,1.42,1.34,1.91,1.91,1.47,2.05,1.67,2.31,2.46,2.58,2.85,2.67,2.48,10.1039/c5ta08214e,,,,,,,,,
SnSe,mp-691,186650,0.52,0.50,0.60,0.58,0.54,1.11,1.11,0.85,1.01,0.82,1.03,0.99,1.07,1.55,1.22,0.90,,,,,,,,,,
SnSe2,mp-665,43594,0.54,0.52,0.69,0.66,0.61,1.24,1.20,0.81,1.25,0.92,1.40,1.48,1.55,1.95,1.65,0.97,,,,,,,,,,
SnTe,mp-1883,52489,0.09,0.25,0.09,0.24,0.13,0.53,0.22,0.16,0.19,0.08,0.10,0.01,0.11,0.64,0.31,0.36,10.1103/PhysRev.184.830,,,,,,,,,
Sr2PbO4,mp-20944,4418,1.51,1.52,1.63,1.63,1.56,2.19,2.20,1.94,2.65,1.83,2.71,3.12,3.65,3.05,4.28,1.75,10.1039/c5ta02349a,,,,,,,,,
Sr2TiO4,mp-5532,194713,1.95,1.95,2.04,2.04,1.99,1.84,1.84,2.16,2.82,2.41,3.50,4.25,4.72,4.27,5.34,3.41,10.1016/j.jallcom.2008.10.054,,,,,,,,,
Sr3Ti2O7,mp-3349,63704,1.85,1.85,1.94,1.94,1.89,1.74,1.78,2.07,2.74,2.31,3.39,4.13,4.63,3.98,5.18,3.26,10.1016/j.jallcom.2008.10.054,,,,,,,,,
SrBiO2Cl,mp-547244,84636,3.20,3.05,3.33,3.18,3.25,4.22,3.70,3.67,4.22,3.65,4.47,4.77,5.09,5.14,5.58,3.52,10.1016/j.materresbull.2014.11.032,,,,,,,,,
SrCl2,mp-23209,196826,4.90,4.90,5.36,5.36,5.16,7.18,7.21,5.93,7.24,5.92,6.66,7.02,7.40,7.25,7.88,7.50,10.1103/PhysRevB.9.2679,,,,,,,,,
SrCrO4,mp-542885,40922,2.90,2.90,2.95,2.94,2.93,2.70,2.72,3.05,3.49,3.24,4.38,4.92,5.92,5.14,6.81,2.45,10.1021/acs.inorgchem.5b01135,,,,,,,,,
SrCu2O2,mp-13900,25002,1.83,1.81,1.87,1.82,1.82,2.30,2.26,2.12,2.12,2.13,3.21,3.82,4.05,3.91,3.94,3.30,"10.1063/1.121761,10.1063/1.1445498",,,,,,,,,
SrF2,mp-981,40414,6.61,6.61,7.00,7.00,6.84,9.63,9.60,8.12,10.21,7.51,9.06,10.23,11.71,9.72,12.44,9.60,10.1364/OL.13.000814,,,,,,,,,
SrGe2,mp-1244,152799,0.38,0.39,0.42,0.42,0.39,0.72,0.74,0.50,0.63,0.55,0.79,0.72,0.81,1.37,0.92,0.82,10.1002/pssc.201300375,,,,,,,,,
SrMoO4,mp-18834,239418,4.07,4.05,4.12,4.10,4.08,3.92,3.91,4.39,4.97,4.54,5.62,6.20,7.09,5.99,7.82,3.98,10.1016/j.cej.2008.01.015,,,,,,,,,
SrO,mp-2472,163625,3.11,3.09,3.26,3.24,3.16,4.64,4.62,3.86,4.93,3.73,4.75,5.34,5.76,5.28,6.24,6.10,10.1103/PhysRevB.81.245123,,,,,,,,,
SrPbO3,mp-20489,78682,0.87,0.86,0.89,0.89,0.87,0.97,0.98,0.87,1.13,0.94,1.47,1.63,2.14,1.94,2.69,1.78,10.1016/j.jpcs.2007.03.013,,,,,,,,,
SrS,mp-1087,249177,2.24,2.20,2.45,2.42,2.32,3.83,3.80,2.72,3.51,2.88,3.43,3.57,3.66,4.10,3.85,4.32,10.1016/0022-0248(90)90701-L,,,,,,,,,
SrSe,mp-2758,52429,2.01,1.87,2.17,2.04,2.06,3.50,3.35,2.48,3.08,2.62,3.04,3.14,3.18,3.70,3.29,3.81,10.1016/0022-0248(90)90701-L,,,,,,,,,
SrSeO4,mp-4092,40923,3.89,3.89,4.11,4.09,4.01,4.49,4.49,4.77,6.23,4.58,6.05,7.09,7.81,6.32,8.53,4.75,10.1021/acs.inorgchem.5b01135,,,,,,,,,
SrSnO3,mp-2879,238971,2.00,2.00,2.12,2.11,2.05,2.18,2.20,2.53,3.59,2.65,3.68,4.51,4.98,4.24,5.46,4.10,10.1021/ic034551c,,,,,,,,,
SrTaO2N,mp-552454,411137,0.16,0.05,0.32,0.19,0.23,0.62,0.45,0.59,1.85,0.64,1.61,2.14,2.44,2.28,2.93,1.99,10.1107/S2052520617001123,,,,,,,,,
SrTiO3,mp-5229,94573,1.73,1.72,1.82,1.81,1.77,1.70,1.68,1.96,2.65,2.19,3.28,4.02,4.55,3.94,5.06,3.25,10.1063/1.1415766,,,,,,,,,
SrZrS3,mp-5193,154104,1.07,1.03,1.14,1.10,1.06,1.40,1.35,1.22,1.72,1.53,1.95,2.15,2.17,2.57,2.30,1.00,10.1016/j.solidstatesciences.2005.02.010,,,,,,,,,
TaON,mp-4165,192423,1.56,1.52,1.68,1.64,1.60,1.75,1.69,1.90,2.79,1.98,2.80,3.11,3.56,3.43,4.06,2.40,10.1021/jp027593f,,,,,,,,,
TeO2,mp-557,161691,2.50,2.39,2.58,2.46,2.51,2.91,2.80,2.88,3.30,2.85,3.66,3.95,4.40,4.32,4.98,3.50,10.1016/0022-3697(87)90081-3,,,,,,,,,
TeO2,mp-8377,90733,2.90,2.79,2.98,2.86,2.91,3.38,3.23,3.33,3.78,3.29,4.13,4.48,4.90,4.60,5.17,3.41,10.1016/j.jcrysgro.2007.03.054,,,,,,,,,
ThO2,mp-643,105550,4.31,4.21,4.40,4.29,4.35,3.27,3.02,4.88,5.53,4.92,6.13,6.83,7.16,6.75,7.59,5.90,10.1016/S0020-1693(99)00597-6,,,,,,,,,
ThOS,mp-8136,31654,0.82,0.70,0.96,0.84,0.84,1.23,0.99,1.23,1.83,1.41,1.92,2.10,2.15,2.60,2.29,2.22,10.1021/ic300510x,,,,,,,,,
ThOSe,mp-7950,26654,0.64,0.40,0.73,0.49,0.64,0.83,0.43,1.02,1.44,1.20,1.56,1.70,1.70,2.23,1.79,1.65,10.1021/ic300510x,,,,,,,,,
ThOTe,mp-3718,65950,0.10,0.23,0.14,0.23,0.08,0.40,0.11,0.41,0.65,0.49,0.74,0.78,0.78,1.37,0.85,1.46,10.1021/ic300510x,,,,,,,,,
TiO2,mp-2657,167953,2.08,2.07,2.16,2.15,2.12,2.01,2.01,2.23,2.96,2.50,3.66,4.48,5.30,4.27,5.94,3.03,10.1103/PhysRevB.18.5606,,,,,,,,,
TiO2,mp-390,92363,1.96,1.96,2.06,2.06,2.02,1.89,1.89,2.15,2.89,2.43,3.55,4.36,5.32,4.20,6.02,3.30,10.1016/0038-1098(93)90427-O,,,,,,,,,
Tl2AuPS4,mp-9510,85680,0.84,0.77,1.03,0.94,0.92,2.19,2.09,1.37,1.75,1.24,1.77,1.71,1.92,2.29,2.17,2.20,10.1002/(SICI)1099-0682(199802)1998:2<283::AID-EJIC283>3.0.CO;2-L,,,,,,,,,
Tl2Cu2SnS4,mp-18240,171221,0.35,0.27,0.47,0.39,0.40,1.43,1.34,0.74,0.98,0.61,1.32,1.52,1.55,1.91,1.73,1.40,10.1021/cm050412c,,,,,,,,,
Tl2TeBr6,mp-31076,99127,1.73,1.59,1.83,1.69,1.78,2.16,1.95,2.01,2.23,1.95,2.42,2.46,2.63,2.75,2.73,2.06,10.1134/S0020168511010109,,,,,,,,,
Tl2TeI6,mp-31077,99128,1.46,1.22,1.56,1.31,1.51,1.83,1.45,1.73,1.88,1.73,2.12,2.11,2.22,2.73,2.27,1.47,10.1134/S0020168511010109,,,,,,,,,
Tl2TeS3,mp-17172,391285,1.09,1.01,1.19,1.11,1.12,1.79,1.70,1.36,1.57,1.40,1.73,1.69,1.86,2.33,2.14,1.60,10.1002/zaac.200670073,,,,,,,,,
Tl3AsSe3,mp-7684,15148,0.00,0.00,0.00,0.00,0.00,0.00,0.00,0.00,0.00,0.00,0.00,0.00,0.02,0.36,0.18,1.30,10.1021/cm401737s,,,,,,,,,
Tl4CdI6,mp-570339,60756,1.87,1.55,2.02,1.71,1.92,3.04,2.82,2.40,2.80,2.38,2.63,2.61,2.73,2.88,2.71,2.80,10.1021/cg5001446,,,,,,,,,
TlBr,mp-22875,61532,1.66,1.17,1.85,1.34,1.72,3.51,2.75,2.36,2.83,2.27,2.54,2.55,2.69,3.15,3.05,2.66,10.1063/1.4874265,,,,,,,,,
TlCl,mp-23167,5253,1.96,1.69,2.18,1.89,2.04,3.93,3.35,2.70,3.36,2.59,2.97,3.01,3.23,3.61,3.70,3.23,,,,,,,,,,
TlGaTe2,mp-3785,16243,0.25,0.18,0.33,0.26,0.28,1.05,0.94,0.62,0.80,0.62,0.84,0.78,0.88,1.42,1.01,1.20,,,,,,,,,,
TlI,mp-23197,61520,1.47,0.71,1.62,0.85,1.52,3.14,2.10,2.10,2.44,1.90,2.24,2.14,2.30,2.84,2.56,2.10,,,,,,,,,,
TlI,mp-22858,258845,1.88,1.44,2.02,1.58,1.92,3.38,2.65,2.39,2.72,2.42,2.61,2.56,2.70,3.15,2.92,2.87,,,,,,,,,,
TlI,mp-571102,60491,1.77,1.48,1.95,1.65,1.83,3.66,3.00,2.38,2.76,2.28,2.52,2.43,2.64,3.14,3.07,2.92,,,,,,,,,,
TlInSe2,mp-22232,180272,0.00,0.00,0.00,0.00,0.00,0.45,0.45,0.08,0.22,0.12,0.43,0.37,0.49,1.03,0.72,1.19,,,,,,,,,,
TlInTe2,mp-22791,16245,0.33,0.26,0.43,0.36,0.37,1.10,0.97,0.66,0.85,0.73,0.93,0.89,0.97,1.51,1.07,0.96,,,,,,,,,,
TlS,mp-322,78161,0.51,0.49,0.64,0.61,0.56,1.19,1.19,0.79,1.14,0.83,1.34,1.39,1.53,1.98,1.80,1.36,,,,,,,,,,
TlScS2,mp-13312,418474,0.77,0.70,0.90,0.82,0.80,1.45,1.42,1.09,1.58,1.13,1.40,1.35,1.51,2.02,1.84,1.51,10.1002/zaac.200700440,,,,,,,,,
TlScSe2,mp-13313,418475,0.46,0.37,0.55,0.48,0.49,1.04,0.94,0.71,1.06,0.84,1.03,0.96,1.08,1.61,1.37,0.79,10.1002/zaac.200700440,,,,,,,,,
TlScTe2,mp-13314,418476,0.00,0.00,0.00,0.00,0.00,0.43,0.23,0.07,0.29,0.17,0.43,0.46,0.48,1.02,0.58,0.85,10.1002/zaac.200700440,,,,,,,,,
TlSe,mp-1836,104189,0.01,0.00,0.11,0.08,0.05,0.66,0.64,0.29,0.52,0.33,0.67,0.68,0.78,1.27,0.99,0.73,,,,,,,,,,
TlTaS3,mp-10795,412385,0.38,0.38,0.44,0.44,0.40,0.65,0.67,0.48,0.65,0.64,0.97,0.91,1.11,1.61,1.40,0.78,10.1002/1521-3749(200207)628:7<1511::AID-ZAAC1511>3.0.CO;2-P,,,,,,,,,
TlTiPS5,mp-558747,171214,0.97,0.96,1.03,1.03,1.00,1.01,1.01,1.02,1.26,1.26,1.83,1.97,2.09,2.29,2.23,1.30,10.1021/cm050412c,,,,,,,,,
WS2,mp-224,202366,0.91,0.86,1.00,0.95,0.95,1.39,1.31,1.04,1.19,1.11,1.53,1.49,1.60,2.16,1.74,1.35,10.1021/j100393a010,,,,,,,,,
WSe2,mp-1821,40752,0.89,0.82,0.95,0.87,0.91,1.34,1.15,1.03,1.13,1.10,1.43,1.36,1.46,2.00,1.49,1.20,10.1021/j100393a010,,,,,,,,,
Xe,mp-611517,43428,5.80,5.60,6.26,5.82,6.10,8.88,8.37,6.86,8.15,6.93,7.38,7.57,7.87,7.92,8.39,9.29,10.1016/0030-4018(86)90186-0,,,,,,,,,
YF3,mp-2416,6023,7.65,7.73,7.84,7.83,7.76,8.22,8.21,8.48,9.43,8.65,10.20,11.49,12.95,10.97,12.76,12.50,10.1016/j.jlumin.2004.09.117,,,,,,,,,
YNiSb,mp-11520,105331,0.30,0.27,0.32,0.29,0.30,0.27,0.23,0.18,0.36,0.43,0.46,0.15,0.47,1.08,0.70,0.18,10.1088/0953-8984/15/4/304,,,,,,,,,
YPtSb,mp-4964,44970,0.28,0.08,0.41,0.22,0.38,0.29,0.09,0.33,0.61,0.23,0.92,0.73,0.94,1.55,1.13,0.16,10.1088/0953-8984/15/4/304,,,,,,,,,
ZnAl2S4,mp-4842,35380,2.35,2.31,2.52,2.48,2.42,3.53,3.51,2.75,3.32,2.93,3.49,3.63,3.68,4.07,3.46,3.50,10.7567/JJAPS.32S3.586,,,,,,,,,
ZnAs2,mp-7262,2021,0.15,0.14,0.27,0.25,0.21,0.81,0.80,0.38,0.75,0.44,0.91,0.96,1.05,1.51,1.27,0.97,,,,,,,,,,
ZnGa2Se4,mp-15776,44887,1.42,1.29,1.66,1.53,1.56,2.48,2.35,2.00,2.74,2.04,2.68,3.01,2.99,3.28,3.16,2.18,,,,,,,,,,
ZnGa2Te4,mp-15777,290911,0.93,0.65,1.04,0.76,0.97,1.78,1.45,1.32,1.63,1.23,1.67,1.71,1.77,2.28,1.96,1.33,10.1016/j.materresbull.2011.06.002,,,,,,,,,
ZnGeAs2,mp-4008,68324,0.10,0.02,0.29,0.22,0.24,0.60,0.52,0.50,1.18,0.45,1.15,1.47,1.36,1.71,1.47,1.15,,,,,,,,,,
ZnGeN2,mp-2979,15144,1.77,1.76,1.76,1.75,1.71,2.66,2.66,2.44,2.91,2.04,3.12,3.67,4.03,3.78,4.53,3.36,10.1002/pssc.200390019,,,,,,,,,
ZnGeP2,mp-4524,23706,1.17,1.15,1.31,1.29,1.24,1.85,1.84,1.50,1.91,1.54,2.07,2.09,2.22,2.70,2.47,2.02,10.1016/j.jcrysgro.2008.08.065,,,,,,,,,
ZnIn2Te4,mp-20832,25650,1.05,0.77,1.25,0.97,1.15,1.94,1.64,1.51,2.04,1.47,2.07,2.25,2.23,2.66,2.35,1.49,10.1103/PhysRevB.68.235201,,,,,,,,,
ZnO,mp-2133,162843,0.74,0.72,0.80,0.78,0.70,3.03,3.03,1.85,2.56,1.14,2.51,3.48,4.13,3.14,4.81,3.44,,,,,,,,,,
ZnP2,mp-1392,250015,0.67,0.67,0.77,0.76,0.69,1.42,1.42,0.92,1.27,1.03,1.48,1.49,1.64,2.12,1.85,1.42,,,,,,,,,,
ZnS,mp-10695,291064,1.91,1.88,2.15,2.13,2.01,3.74,3.71,2.72,3.65,2.63,3.38,3.82,3.85,4.04,4.16,3.72,,,,,,,,,,
ZnS,mp-560588,67453,1.94,1.91,2.18,2.16,2.04,3.74,3.71,2.75,3.67,2.66,3.41,3.85,3.88,4.06,4.18,3.91,,,,,,,,,,
ZnSb,mp-753,43265,0.04,0.02,0.13,0.11,0.09,0.58,0.49,0.31,0.61,0.14,0.66,0.70,0.70,1.18,0.70,0.50,,,,,,,,,,
ZnSe,mp-1190,77091,1.05,0.92,1.31,1.18,1.19,2.63,2.48,1.82,2.70,1.71,2.42,2.86,2.76,3.04,2.99,2.82,,,,,,,,,,
ZnSiAs2,mp-3595,68323,1.04,0.98,1.14,1.08,1.04,1.45,1.38,1.46,1.75,1.36,1.75,1.77,1.83,2.37,1.98,1.93,,,,,,,,,,
ZnSiP2,mp-4763,23680,1.18,1.17,1.30,1.29,1.18,2.32,2.29,1.56,1.91,1.54,1.98,2.02,2.08,2.59,2.16,2.00,,,,,,,,,,
ZnSnAs2,mp-5190,250389,0.01,0.01,0.13,0.03,0.05,0.56,0.45,0.33,0.99,0.28,0.93,1.22,1.11,1.50,1.23,0.75,,,,,,,,,,
ZnSnO3,mp-13334,245943,1.53,1.52,1.61,1.59,1.52,2.52,2.54,2.33,3.22,2.12,3.36,4.37,4.97,3.89,5.61,3.90,10.1039/B921010E,,,,,,,,,
ZnSnP2,mp-4175,22179,0.79,0.77,0.99,0.96,0.90,1.53,1.51,1.25,1.85,1.27,1.87,2.11,2.08,2.49,2.20,1.68,10.1063/1.3442917,,,,,,,,,
ZnSnSb2,mp-4756,651588,0.02,0.00,0.02,0.01,0.02,0.08,0.01,0.02,0.53,0.02,0.64,0.87,0.77,1.19,0.84,0.40,,,,,,,,,,
ZrS2,mp-1186,604434,0.74,0.72,0.80,0.78,0.72,1.08,1.10,0.87,1.29,1.16,1.58,1.70,1.78,2.15,1.89,1.68,10.1016/0022-3697(65)90043-0,,,,,,,,,
ZrSe2,mp-2076,109291,0.33,0.17,0.36,0.21,0.30,0.68,0.57,0.53,0.82,0.72,1.02,1.11,1.14,1.59,1.22,1.18,10.1103/PhysRevB.80.035206,,,,,,,,,
